-- phpMyAdmin SQL Dump
-- version 4.8.3
-- https://www.phpmyadmin.net/
--
-- Host: localhost:3306
-- Generation Time: Apr 26, 2019 at 12:01 AM
-- Server version: 5.7.25
-- PHP Version: 7.2.7

SET SQL_MODE = "NO_AUTO_VALUE_ON_ZERO";
SET AUTOCOMMIT = 0;
START TRANSACTION;
SET time_zone = "+00:00";


/*!40101 SET @OLD_CHARACTER_SET_CLIENT=@@CHARACTER_SET_CLIENT */;
/*!40101 SET @OLD_CHARACTER_SET_RESULTS=@@CHARACTER_SET_RESULTS */;
/*!40101 SET @OLD_COLLATION_CONNECTION=@@COLLATION_CONNECTION */;
/*!40101 SET NAMES utf8mb4 */;

--
-- Database: `wtdusao2_wtdusa`
--

-- --------------------------------------------------------

--
-- Table structure for table `chat_message`
--

CREATE TABLE `chat_message` (
  `chat_message_id` int(11) NOT NULL,
  `to_user_id` varchar(11) DEFAULT NULL,
  `from_user_id` int(11) NOT NULL,
  `chat_message` text NOT NULL,
  `timestamp` timestamp NOT NULL DEFAULT CURRENT_TIMESTAMP,
  `status` int(1) NOT NULL
) ENGINE=InnoDB DEFAULT CHARSET=latin1;

--
-- Dumping data for table `chat_message`
--

INSERT INTO `chat_message` (`chat_message_id`, `to_user_id`, `from_user_id`, `chat_message`, `timestamp`, `status`) VALUES
(415, '1', 4, 'testing only', '2019-04-20 12:20:17', 0),
(416, '4', 1, 'perfetct', '2019-04-20 12:21:21', 0),
(417, '4', 1, 'no', '2019-04-20 12:21:45', 0),
(418, '1', 5, 'asfhasd', '2019-04-20 12:22:41', 0),
(419, '5', 1, 'gud', '2019-04-20 12:22:57', 0),
(420, '1', 6, 'test on', '2019-04-20 12:43:58', 0),
(421, '6', 1, 'test', '2019-04-20 12:44:07', 0),
(422, '1', 6, 'gud', '2019-04-20 12:44:11', 0),
(423, '1', 6, 'perfect', '2019-04-20 12:44:15', 0),
(424, '6', 1, 'its working ', '2019-04-20 12:44:20', 0),
(425, '1', 6, 'yes', '2019-04-20 12:44:22', 0),
(426, '1', 7, 'only for testing ', '2019-04-20 12:51:36', 0),
(427, '7', 1, 'perfect', '2019-04-20 12:51:49', 0),
(428, '1', 7, 'its not good', '2019-04-20 12:52:15', 0),
(429, '1', 7, 'how to set it up', '2019-04-20 12:52:24', 0),
(430, '1', 8, 'SADASDASS', '2019-04-20 12:59:07', 0),
(431, '1', 9, 'only for testing ', '2019-04-20 13:02:43', 0),
(432, '9', 1, 'gud', '2019-04-20 13:02:52', 0),
(433, '1', 10, 'asdfdasf', '2019-04-20 13:06:26', 0),
(434, '1', 10, 'test', '2019-04-20 13:13:34', 0),
(435, '1', 10, 'thk hy ', '2019-04-20 13:13:37', 0),
(436, '1', 10, 'adfj', '2019-04-20 13:13:38', 0),
(437, '1', 10, 'adfasd', '2019-04-20 13:13:38', 0),
(438, '1', 10, 'asdfs', '2019-04-20 13:13:39', 0),
(439, '1', 10, 'asf', '2019-04-20 13:13:39', 0),
(440, '1', 10, 'dfas', '2019-04-20 13:13:40', 0),
(441, '1', 10, 'fasdf', '2019-04-20 13:13:40', 0),
(442, '1', 11, 'testing only', '2019-04-20 13:23:48', 0),
(443, '11', 1, 'perfect', '2019-04-20 13:23:58', 0),
(444, '1', 11, 'okay', '2019-04-20 13:24:04', 0),
(445, '1', 11, 'never mind ', '2019-04-20 13:24:09', 0),
(446, '1', 12, 'asdas', '2019-04-20 13:27:56', 0),
(447, '1', 12, 'asdfsadf', '2019-04-20 13:28:10', 0),
(448, '12', 1, 'asdfsdaf', '2019-04-20 13:28:14', 0),
(449, '1', 13, 'qaz', '2019-04-20 13:30:31', 0),
(450, '13', 1, 'hi', '2019-04-20 13:30:46', 0),
(451, '1', 14, 'aaaaa', '2019-04-20 13:34:32', 0),
(452, '1', 15, 'adfasdf', '2019-04-20 13:38:22', 0),
(453, '1', 16, 'sadfasdf', '2019-04-20 13:41:00', 0),
(454, '1', 17, 'asdfsdaf', '2019-04-20 13:42:38', 0),
(455, '1', 18, 'ttttttt', '2019-04-20 13:45:36', 0),
(456, '19', 1, 'hi', '2019-04-20 16:43:09', 1),
(457, '20', 1, 'hi', '2019-04-20 16:44:06', 1),
(458, '1', 24, 'testing', '2019-04-20 17:00:05', 0),
(459, '24', 1, 'hello', '2019-04-20 17:00:13', 0),
(460, '1', 24, 'hi', '2019-04-20 17:00:16', 0),
(461, '24', 1, 'how r u', '2019-04-20 17:00:21', 0),
(462, '1', 24, 'i m good ', '2019-04-20 17:00:27', 0),
(463, '1', 25, 'hello ', '2019-04-20 17:01:14', 0),
(464, '25', 1, 'HI', '2019-04-20 17:01:22', 0),
(465, '25', 1, 'How can I help u>', '2019-04-20 17:01:30', 0),
(466, '1', 25, 'you can help me with my car', '2019-04-20 17:02:01', 0),
(467, '1', 26, 'hello ', '2019-04-20 17:03:08', 0),
(468, '26', 1, 'How can I help you', '2019-04-20 17:03:32', 0),
(469, '1', 26, 'G janab dentist ko check karwa layen app ', '2019-04-20 17:03:39', 0),
(470, '26', 1, 'g sir koi dhonty han ', '2019-04-20 17:03:50', 0),
(471, '30', 27, 'Hello', '2019-04-20 22:06:35', 0),
(472, '27', 28, 'hi', '2019-04-20 22:06:36', 0),
(473, '30', 27, 'hello', '2019-04-20 22:07:22', 0),
(474, '30', 27, 'how can i help you?', '2019-04-20 22:07:33', 0),
(475, 'text', 1, 'hi', '2019-04-20 22:09:14', 1),
(476, 'text', 1, 'hi', '2019-04-20 22:09:25', 1),
(477, '1', 29, '', '2019-04-20 22:09:27', 0),
(478, '29', 30, 'hello', '2019-04-20 22:10:03', 0),
(479, '1', 29, 'hi', '2019-04-20 22:12:29', 0),
(480, '29', 30, 'hello', '2019-04-20 22:12:37', 0),
(481, '29', 30, 'hows you?', '2019-04-20 22:12:42', 0),
(482, '29', 30, 'reply me please', '2019-04-20 22:13:12', 0),
(483, '29', 30, 'you there?', '2019-04-20 22:13:21', 0),
(484, '29', 30, 'slow service please', '2019-04-20 22:13:29', 0),
(485, '1', 31, 'Ghg', '2019-04-22 05:52:53', 0),
(486, '1', 32, 'Hi', '2019-04-22 07:04:44', 0),
(487, '32', 1, 'hello', '2019-04-22 07:04:59', 1),
(488, '1', 32, 'Need help', '2019-04-22 07:05:10', 0),
(489, '32', 1, 'great', '2019-04-22 07:05:19', 1),
(490, '1', 33, 'Hi', '2019-04-22 08:00:36', 0),
(491, '1', 34, 'Hi', '2019-04-22 08:18:07', 0),
(492, '1', 35, 'Yes', '2019-04-22 08:19:10', 0),
(493, '1', 36, 'Hi', '2019-04-22 12:59:12', 0),
(494, '1', 37, 'Hi', '2019-04-22 13:07:48', 0),
(495, '1', 37, 'Hi', '2019-04-22 13:10:06', 0),
(496, '37', 1, 'yes?', '2019-04-22 13:10:12', 1),
(497, '1', 38, 'Hi', '2019-04-22 14:04:37', 0),
(498, '1', 39, 'Hi', '2019-04-22 14:06:48', 0),
(499, '1', 40, 'Hi', '2019-04-22 14:08:12', 0),
(500, '1', 41, 'Hi', '2019-04-22 14:09:48', 0),
(501, '1', 42, 'Hi', '2019-04-22 14:11:32', 0),
(502, '1', 43, 'Hi', '2019-04-22 14:12:29', 0),
(503, '1', 44, 'Hi', '2019-04-22 14:15:43', 0),
(504, '1', 45, 'Tes', '2019-04-22 14:17:38', 0),
(505, '1', 46, 'Hi', '2019-04-22 14:20:25', 0),
(506, '1', 47, 'Hi', '2019-04-22 14:22:57', 0),
(507, '1', 48, 'Hi', '2019-04-22 14:24:16', 0),
(508, '1', 49, 'Yes', '2019-04-22 14:26:00', 0),
(509, '1', 50, 'Hi', '2019-04-23 05:54:37', 0),
(510, '1', 51, 'Hi', '2019-04-23 05:55:04', 0),
(511, '50', 1, 'hi', '2019-04-23 05:55:30', 1),
(512, '1', 52, 'Hi', '2019-04-23 05:56:30', 0),
(513, '1', 52, 'Hi', '2019-04-23 05:56:42', 0),
(514, '52', 1, 'hi', '2019-04-23 05:56:44', 1),
(515, '1', 53, 'Hi', '2019-04-23 05:57:11', 0),
(516, '53', 1, 'Hi', '2019-04-23 05:57:44', 1),
(517, '1', 54, 'Hi', '2019-04-23 05:58:10', 0),
(518, '1', 55, 'Hi', '2019-04-23 06:03:51', 0),
(519, '1', 56, 'Shi', '2019-04-23 06:26:56', 0),
(520, '56', 1, 'hi', '2019-04-23 06:27:53', 1),
(521, '1', 57, 'Hd', '2019-04-23 06:28:31', 0),
(522, '57', 1, 'sss', '2019-04-23 06:29:02', 1),
(523, '1', 58, 'Hi', '2019-04-23 06:29:47', 0),
(524, '1', 59, 'Hi', '2019-04-23 06:30:13', 0),
(525, '1', 60, 'Hi', '2019-04-23 06:30:33', 0),
(526, '1', 61, 'Hi', '2019-04-23 06:31:30', 0),
(527, '1', 61, 'Hdi', '2019-04-23 06:32:16', 0),
(528, '61', 1, 'hi', '2019-04-23 06:32:18', 1),
(529, '1', 62, 'Hi', '2019-04-23 06:32:24', 0),
(530, '1', 63, 'Hi', '2019-04-23 06:32:35', 0),
(531, '63', 1, 'hi', '2019-04-23 06:32:55', 1),
(532, '1', 64, 'Hi', '2019-04-23 06:33:15', 0),
(533, '1', 65, 'Hi', '2019-04-23 06:41:03', 0),
(534, '1', 66, 'Hie', '2019-04-23 06:42:09', 0),
(535, '1', 67, 'How', '2019-04-23 06:42:29', 0),
(536, '1', 68, 'Hi', '2019-04-23 07:55:38', 0),
(537, '1', 69, 'Hi', '2019-04-23 07:57:36', 0),
(538, '1', 70, 'Hfhf', '2019-04-23 08:10:38', 0),
(539, '1', 70, 'Ihid', '2019-04-23 08:11:28', 0),
(540, '70', 1, 'hi', '2019-04-23 08:11:30', 1),
(541, '1', 71, 'Hdhd', '2019-04-23 08:13:19', 0),
(542, '1', 72, 'Hdhd', '2019-04-24 13:06:58', 0),
(543, '72', 1, 'hi', '2019-04-24 13:07:43', 1),
(544, '1', 73, 'Hi', '2019-04-24 14:09:26', 0),
(545, '1', 73, 'Hi', '2019-04-24 14:10:15', 0),
(546, '73', 1, 'yes', '2019-04-24 14:10:18', 1),
(547, '73', 1, 'hello', '2019-04-24 14:10:22', 1),
(548, '73', 1, 'ffepepep', '2019-04-24 14:10:41', 1),
(549, '73', 1, 'peooooo', '2019-04-24 14:10:46', 1),
(550, '73', 1, 'eiieie', '2019-04-24 14:10:48', 1),
(551, '1', 74, 'hi', '2019-04-24 17:49:01', 0),
(552, '74', 1, 'Hello How Can i help ?', '2019-04-24 17:50:03', 0),
(553, '74', 1, '', '2019-04-24 17:50:05', 0),
(554, '81', 76, '123', '2019-04-24 17:52:35', 0),
(555, '76', 77, 'hi', '2019-04-24 17:56:06', 0),
(556, '81', 76, 'Hey Waseem ', '2019-04-24 17:56:53', 0),
(557, '81', 76, 'Hey Waseem \n', '2019-04-24 17:57:06', 0),
(558, '81', 76, 'Hey Waseem \n\n', '2019-04-24 17:57:06', 0),
(559, 'text', 77, 'hi', '2019-04-24 17:57:47', 1),
(560, '81', 76, 'hey ', '2019-04-24 17:57:47', 0),
(561, '76', 78, 'hi', '2019-04-24 17:57:54', 0),
(562, '81', 76, 'hi', '2019-04-24 17:58:07', 0),
(563, '1', 79, 'Hi', '2019-04-24 19:42:28', 0),
(564, '79', 1, 'hi', '2019-04-24 19:42:39', 1),
(565, '1', 79, 'Heheh', '2019-04-24 19:42:45', 0),
(566, '79', 1, 'huhuh', '2019-04-24 19:42:49', 1),
(567, '1', 80, 'Hi', '2019-04-25 06:31:22', 0),
(568, '80', 1, 'hi', '2019-04-25 06:31:37', 1),
(569, '82', 81, 'xyz', '2019-04-25 08:12:13', 0),
(570, '82', 81, 'helllo ', '2019-04-25 08:12:29', 0),
(571, '1', 82, 'xyz ', '2019-04-25 08:13:04', 0),
(572, '1', 82, 'hey ', '2019-04-25 08:13:16', 0),
(573, '1', 83, 'HI', '2019-04-25 10:25:32', 0),
(574, '1', 83, 'Hi\n', '2019-04-25 10:26:13', 0),
(575, '83', 1, 'hi', '2019-04-25 10:26:18', 1);

-- --------------------------------------------------------

--
-- Table structure for table `login`
--

CREATE TABLE `login` (
  `user_id` int(11) NOT NULL,
  `name` varchar(360) NOT NULL,
  `email` varchar(360) NOT NULL,
  `username` varchar(255) NOT NULL,
  `password` varchar(255) DEFAULT NULL,
  `user_type` int(11) NOT NULL,
  `status` int(11) NOT NULL
) ENGINE=InnoDB DEFAULT CHARSET=latin1 ROW_FORMAT=COMPACT;

--
-- Dumping data for table `login`
--

INSERT INTO `login` (`user_id`, `name`, `email`, `username`, `password`, `user_type`, `status`) VALUES
(1, 'Admin1', 'admin@wtdusaonline.net', 'Admin1', 'admin', 1, 1),
(2, 'Admin 2', 'admin2@gmail.com', 'Admin 2', 'admin2', 1, 1),
(3, '', '', '', NULL, 3, 1),
(4, 't', 't@g.com', 't', NULL, 3, 1),
(5, 'aa', 'aa@gmail.com', 'aa', NULL, 3, 1),
(6, 'abc', 'abc@gmail.com', 'abc', NULL, 3, 1),
(7, 'tester', 'test@gmail.com', 'tester', NULL, 3, 1),
(8, 'Dilshad Hussain', 'm.asifch@hotmail.com', 'Dilshad Hussain', NULL, 3, 1),
(9, 'DILSHAD', 'dil@gmail.com', 'DILSHAD', NULL, 3, 1),
(10, 'aaaa', 'aa', 'aaaa', NULL, 3, 1),
(11, 'ttt', 'tt@gmail.cok', 'ttt', NULL, 3, 1),
(12, 'aaa', 'aaa', 'aaa', NULL, 3, 1),
(13, 'qaz', 'qaz', 'qaz', NULL, 3, 1),
(14, 'tttt', 'rrrr', 'tttt', NULL, 3, 1),
(15, 'as', 'adfa', 'as', NULL, 3, 1),
(16, 'adfas', 'asdfasdf', 'adfas', NULL, 3, 1),
(17, 'sadasdf', 'asdfsdaf', 'sadasdf', NULL, 3, 1),
(18, 'ttt', 'tttt', 'ttt', NULL, 3, 1),
(19, 'khurram ', 'abc@xyz.com', 'khurram ', NULL, 3, 1),
(20, 'khurram ', 'abc@xyz.com', 'khurram ', NULL, 3, 1),
(21, 'sdfssa', 'asdfas', 'sdfssa', NULL, 3, 1),
(22, 'tttt', 'tt@gmail.com', 'tttt', NULL, 3, 1),
(23, 'aaa', 'aaa', 'aaa', NULL, 3, 1),
(24, 'Bukharibaba', 'baba@gmail.com', 'Bukharibaba', NULL, 3, 1),
(25, 'khurram', 'abc@xyz.com', 'khurram', NULL, 3, 1),
(26, 'khurram ', 'abc@xyz.com', 'khurram ', NULL, 3, 1),
(27, 'UMER', 'UMER@ESSPK.COM', 'UMER', NULL, 3, 1),
(28, 'waseem', '', 'waseem', NULL, 3, 1),
(29, 'Waseem', 'waseem@wtdusaonline.com', 'Waseem', NULL, 3, 1),
(30, 'umer', 'umermalik5@live.com', 'umer', NULL, 3, 1),
(31, 'hh', 'hh', 'hh', NULL, 3, 1),
(32, 'check', 'check@gmail.com', 'check', NULL, 3, 1),
(33, 'test', 'testE', 'test', NULL, 3, 1),
(34, 'check', 'test', 'check', NULL, 3, 1),
(35, 'test1', 'test1', 'test1', NULL, 3, 1),
(36, 'trst', 'hui', 'trst', NULL, 3, 1),
(37, 'test', 'test@gmail.com', 'test', NULL, 3, 1),
(38, 'test', 'tes@gmail.com', 'test', NULL, 3, 1),
(39, 'test', 'has', 'test', NULL, 3, 1),
(40, 'abc', 'test', 'abc', NULL, 3, 1),
(41, 'ills', 'hdhd', 'ills', NULL, 3, 1),
(42, 'check', 'ha', 'check', NULL, 3, 1),
(43, 'hello', 'ha', 'hello', NULL, 3, 1),
(44, 'iPhone', 'test', 'iPhone', NULL, 3, 1),
(45, 'TVs', 'hi', 'TVs', NULL, 3, 1),
(46, 'jsjs', 'h', 'jsjs', NULL, 3, 1),
(47, 'test', 'check ', 'test', NULL, 3, 1),
(48, 'test', 'check', 'test', NULL, 3, 1),
(49, 'check', 'hdhd', 'check', NULL, 3, 1),
(50, 'test', '  ', 'test', NULL, 3, 1),
(51, 'test', '  ', 'test', NULL, 3, 1),
(52, 'hassan', 'hasn@gmail.com', 'hassan', NULL, 3, 1),
(53, 'jack', 'hasn@gmail.com', 'jack', NULL, 3, 1),
(54, 'jack', 'hasn@gmail.com', 'jack', NULL, 3, 1),
(55, 'live hat', 'Ben', 'live hat', NULL, 3, 1),
(56, 'hshss', 's', 'hshss', NULL, 3, 1),
(57, 'he', 'jd', 'he', NULL, 3, 1),
(58, 'test', 'jsjs', 'test', NULL, 3, 1),
(59, 'test', 'jsjs', 'test', NULL, 3, 1),
(60, 'test', 'jsjs', 'test', NULL, 3, 1),
(61, 'hi', 'hdhd', 'hi', NULL, 3, 1),
(62, 'hi', 'hdhd', 'hi', NULL, 3, 1),
(63, 'hi', 'hdhd', 'hi', NULL, 3, 1),
(64, 'hi', 'hdhd', 'hi', NULL, 3, 1),
(65, 'test', 'check', 'test', NULL, 3, 1),
(66, 'hdhd', 'hi', 'hdhd', NULL, 3, 1),
(67, 'hdhd', 'hi', 'hdhd', NULL, 3, 1),
(68, 'test', 'test@gmail.com', 'test', NULL, 3, 1),
(69, 'check', 'he', 'check', NULL, 3, 1),
(70, 'test', 'has', 'test', NULL, 3, 1),
(71, 'test', 'has', 'test', NULL, 3, 1),
(72, 'bye', 'cc', 'bye', NULL, 3, 1),
(73, 'ben', 'ben@gmail.com', 'ben', NULL, 3, 1),
(74, 'waseem', '', 'waseem', NULL, 3, 1),
(75, 'Khurram Shahzad ', 'khurram@esspk.com', 'Khurram Shahzad ', '123456789', 1, 1),
(76, 'Khurram Shahzad ', '123', 'Khurram Shahzad ', NULL, 3, 1),
(77, 'waseem', '', 'waseem', NULL, 3, 1),
(78, 'waseem', '', 'waseem', NULL, 3, 1),
(79, 'test', 'test@gmail.com', 'test', NULL, 3, 1),
(80, 'chat ', 'chat@gmail.com', 'chat ', NULL, 3, 1),
(81, 'Khurram Shahzad ', 'khurram@esspk.com', 'Khurram Shahzad ', NULL, 3, 1),
(82, 'Khurram Shahzad ', 'khurram@esspk.com', 'Khurram Shahzad ', NULL, 3, 1),
(83, 'basil', 'hdhd', 'basil', NULL, 3, 1);

-- --------------------------------------------------------

--
-- Table structure for table `login_details`
--

CREATE TABLE `login_details` (
  `login_details_id` int(11) NOT NULL,
  `user_id` int(11) NOT NULL,
  `last_activity` timestamp NOT NULL DEFAULT CURRENT_TIMESTAMP,
  `is_type` enum('no','yes') NOT NULL
) ENGINE=InnoDB DEFAULT CHARSET=latin1;

--
-- Dumping data for table `login_details`
--

INSERT INTO `login_details` (`login_details_id`, `user_id`, `last_activity`, `is_type`) VALUES
(134, 135, '2019-04-15 12:52:14', 'no'),
(135, 136, '2019-04-15 12:54:56', 'no'),
(136, 5, '2019-04-15 13:38:55', 'no'),
(137, 137, '2019-04-15 12:57:14', 'no'),
(138, 138, '2019-04-15 13:10:58', 'no'),
(139, 139, '2019-04-15 13:12:57', 'no'),
(140, 140, '2019-04-15 13:15:31', 'no'),
(141, 141, '2019-04-15 13:18:14', 'no'),
(142, 142, '2019-04-15 13:20:27', 'no'),
(143, 5, '2019-04-15 14:24:17', 'no'),
(144, 143, '2019-04-15 13:33:31', 'no'),
(145, 144, '2019-04-15 13:38:41', 'no'),
(146, 145, '2019-04-15 13:56:53', 'no'),
(147, 146, '2019-04-15 13:59:04', 'no'),
(148, 147, '2019-04-15 14:04:57', 'no'),
(149, 148, '2019-04-15 14:07:02', 'no'),
(150, 149, '2019-04-15 14:08:59', 'no'),
(151, 150, '2019-04-15 14:10:40', 'no'),
(152, 151, '2019-04-15 14:14:39', 'no'),
(153, 5, '2019-04-15 16:43:24', 'yes'),
(154, 152, '2019-04-15 14:15:15', 'no'),
(155, 153, '2019-04-15 14:17:59', 'no'),
(156, 154, '2019-04-15 14:18:07', 'no'),
(157, 155, '2019-04-15 14:22:34', 'no'),
(158, 156, '2019-04-15 14:22:48', 'no'),
(159, 157, '2019-04-15 14:25:21', 'no'),
(160, 158, '2019-04-15 14:25:27', 'no'),
(161, 159, '2019-04-15 14:29:21', 'no'),
(162, 160, '2019-04-15 14:30:36', 'no'),
(163, 161, '2019-04-15 14:31:44', 'no'),
(164, 162, '2019-04-15 14:32:54', 'no'),
(165, 163, '2019-04-15 14:34:01', 'no'),
(166, 164, '2019-04-15 14:37:33', 'no'),
(167, 165, '2019-04-15 14:39:13', 'no'),
(168, 166, '2019-04-15 14:39:25', 'no'),
(169, 167, '2019-04-15 14:40:40', 'no'),
(170, 168, '2019-04-15 14:41:38', 'no'),
(171, 169, '2019-04-15 14:44:01', 'no'),
(172, 170, '2019-04-15 14:46:10', 'no'),
(173, 171, '2019-04-15 14:46:24', 'no'),
(174, 172, '2019-04-15 14:49:26', 'no'),
(175, 173, '2019-04-15 14:58:02', 'no'),
(176, 174, '2019-04-15 15:05:01', 'no'),
(177, 175, '2019-04-15 15:11:01', 'no'),
(178, 176, '2019-04-15 15:11:07', 'no'),
(179, 177, '2019-04-15 15:11:51', 'no'),
(180, 178, '2019-04-15 15:35:28', 'no'),
(181, 179, '2019-04-15 15:39:57', 'no'),
(182, 180, '2019-04-15 15:42:12', 'no'),
(183, 181, '2019-04-15 15:43:48', 'no'),
(184, 182, '2019-04-15 15:46:17', 'no'),
(185, 183, '2019-04-15 15:46:25', 'no'),
(186, 184, '2019-04-15 15:46:33', 'no'),
(187, 5, '2019-04-15 17:01:02', 'no'),
(188, 185, '2019-04-15 17:40:20', 'no'),
(189, 5, '2019-04-15 18:54:51', 'no'),
(190, 186, '2019-04-15 17:49:49', 'no'),
(191, 5, '2019-04-15 18:56:57', 'yes'),
(192, 5, '2019-04-15 17:55:10', 'no'),
(193, 5, '2019-04-15 17:56:02', 'no'),
(194, 187, '2019-04-15 18:52:14', 'no'),
(195, 5, '2019-04-16 05:35:13', 'no'),
(196, 5, '2019-04-16 06:46:35', 'no'),
(197, 5, '2019-04-16 13:27:02', 'no'),
(198, 188, '2019-04-16 06:47:08', 'no'),
(199, 189, '2019-04-16 06:47:44', 'no'),
(200, 190, '2019-04-16 06:49:30', 'no'),
(201, 191, '2019-04-16 06:49:39', 'no'),
(202, 192, '2019-04-16 06:56:07', 'no'),
(203, 193, '2019-04-16 07:02:00', 'no'),
(204, 194, '2019-04-16 07:03:49', 'no'),
(205, 195, '2019-04-16 07:52:24', 'no'),
(206, 196, '2019-04-16 07:57:31', 'no'),
(207, 197, '2019-04-16 09:37:38', 'no'),
(208, 198, '2019-04-16 10:59:52', 'no'),
(209, 5, '2019-04-16 13:06:03', 'no'),
(210, 5, '2019-04-16 17:37:57', 'no'),
(211, 5, '2019-04-16 17:38:20', 'no'),
(212, 5, '2019-04-17 05:34:29', 'no'),
(213, 5, '2019-04-17 10:04:10', 'no'),
(214, 5, '2019-04-17 10:04:11', 'no'),
(215, 5, '2019-04-17 13:28:29', 'no'),
(216, 5, '2019-04-17 13:59:38', 'no'),
(217, 5, '2019-04-17 14:19:35', 'no'),
(218, 5, '2019-04-19 06:14:13', 'no'),
(219, 199, '2019-04-17 14:04:41', 'no'),
(220, 200, '2019-04-17 14:11:48', 'no'),
(221, 5, '2019-04-18 05:38:52', 'no'),
(222, 5, '2019-04-18 05:57:28', 'no'),
(223, 5, '2019-04-18 17:14:07', 'no'),
(224, 5, '2019-04-19 05:23:59', 'no'),
(225, 5, '2019-04-19 05:25:38', 'no'),
(226, 5, '2019-04-19 06:47:43', 'no'),
(227, 5, '2019-04-19 06:47:54', 'no'),
(228, 5, '2019-04-19 07:00:19', 'no'),
(229, 5, '2019-04-19 07:04:19', 'no'),
(230, 5, '2019-04-19 07:05:26', 'no'),
(231, 5, '2019-04-19 07:07:44', 'no'),
(232, 5, '2019-04-19 07:09:10', 'no'),
(233, 5, '2019-04-19 07:09:53', 'no'),
(234, 5, '2019-04-19 07:11:49', 'no'),
(235, 5, '2019-04-19 07:12:00', 'no'),
(236, 5, '2019-04-19 07:13:29', 'no'),
(237, 5, '2019-04-19 07:14:18', 'no'),
(238, 5, '2019-04-19 07:14:59', 'no'),
(239, 5, '2019-04-19 07:15:38', 'no'),
(240, 5, '2019-04-19 07:16:21', 'no'),
(241, 5, '2019-04-19 07:19:40', 'no'),
(242, 5, '2019-04-19 07:20:36', 'no'),
(243, 5, '2019-04-19 07:20:45', 'no'),
(244, 5, '2019-04-19 07:22:25', 'no'),
(245, 5, '2019-04-19 07:22:45', 'no'),
(246, 5, '2019-04-19 09:04:01', 'no'),
(247, 5, '2019-04-19 13:58:28', 'no'),
(248, 1, '2019-04-20 10:27:02', 'no'),
(249, 3, '2019-04-20 12:20:15', 'no'),
(250, 4, '2019-04-20 12:22:37', 'no'),
(251, 1, '2019-04-20 14:03:08', 'no'),
(252, 5, '2019-04-20 12:43:54', 'no'),
(253, 6, '2019-04-20 12:51:34', 'no'),
(254, 7, '2019-04-20 12:59:04', 'no'),
(255, 8, '2019-04-20 13:02:39', 'no'),
(256, 9, '2019-04-20 13:06:23', 'no'),
(257, 10, '2019-04-20 13:23:41', 'no'),
(258, 11, '2019-04-20 13:27:53', 'no'),
(259, 12, '2019-04-20 13:30:29', 'no'),
(260, 13, '2019-04-20 13:34:30', 'no'),
(261, 14, '2019-04-20 13:38:21', 'no'),
(262, 15, '2019-04-20 13:40:59', 'no'),
(263, 16, '2019-04-20 13:42:37', 'no'),
(264, 17, '2019-04-20 13:45:36', 'no'),
(265, 18, '2019-04-20 14:09:03', 'no'),
(266, 1, '2019-04-20 16:04:16', 'no'),
(267, 1, '2019-04-20 17:04:15', 'no'),
(268, 19, '2019-04-20 16:43:34', 'no'),
(269, 20, '2019-04-20 17:01:14', 'no'),
(270, 21, '2019-04-20 16:54:08', 'no'),
(271, 22, '2019-04-20 16:55:46', 'no'),
(272, 23, '2019-04-20 17:00:04', 'no'),
(273, 24, '2019-04-20 22:56:25', 'no'),
(274, 25, '2019-04-20 17:02:26', 'no'),
(275, 26, '2019-04-20 20:00:39', 'no'),
(276, 1, '2019-04-20 20:26:10', 'no'),
(277, 1, '2019-04-20 21:25:25', 'no'),
(278, 1, '2019-04-20 22:06:34', 'no'),
(279, 1, '2019-04-20 20:28:36', 'no'),
(280, 27, '2019-04-20 22:10:03', 'no'),
(281, 28, '2019-04-20 22:07:15', 'no'),
(282, 1, '2019-04-20 22:09:25', 'no'),
(283, 29, '2019-04-21 00:54:03', 'no'),
(284, 30, '2019-04-20 22:58:28', 'no'),
(285, 31, '2019-04-22 05:52:53', 'no'),
(286, 1, '2019-04-22 07:49:27', 'no'),
(287, 32, '2019-04-22 07:04:44', 'no'),
(288, 1, '2019-04-22 07:38:02', 'no'),
(289, 33, '2019-04-22 08:00:36', 'no'),
(290, 1, '2019-04-22 08:04:54', 'no'),
(291, 1, '2019-04-22 08:04:57', 'no'),
(292, 34, '2019-04-22 08:18:07', 'no'),
(293, 35, '2019-04-22 08:19:10', 'no'),
(294, 36, '2019-04-22 12:59:12', 'no'),
(295, 37, '2019-04-22 13:07:48', 'no'),
(296, 1, '2019-04-22 14:27:21', 'no'),
(297, 38, '2019-04-22 14:04:37', 'no'),
(298, 39, '2019-04-22 14:06:48', 'no'),
(299, 40, '2019-04-22 14:08:12', 'no'),
(300, 41, '2019-04-22 14:09:48', 'no'),
(301, 42, '2019-04-22 14:11:32', 'no'),
(302, 43, '2019-04-22 14:12:29', 'no'),
(303, 44, '2019-04-22 14:15:43', 'no'),
(304, 45, '2019-04-22 14:17:38', 'no'),
(305, 46, '2019-04-22 14:20:25', 'no'),
(306, 47, '2019-04-22 14:22:57', 'no'),
(307, 48, '2019-04-22 14:24:15', 'no'),
(308, 49, '2019-04-22 14:26:00', 'no'),
(309, 1, '2019-04-22 16:19:03', 'no'),
(310, 1, '2019-04-22 16:15:04', 'no'),
(311, 1, '2019-04-23 11:38:43', 'no'),
(312, 50, '2019-04-23 05:54:37', 'no'),
(313, 51, '2019-04-23 05:55:04', 'no'),
(314, 52, '2019-04-23 05:56:30', 'no'),
(315, 53, '2019-04-23 05:57:11', 'no'),
(316, 54, '2019-04-23 05:58:10', 'no'),
(317, 55, '2019-04-23 06:03:51', 'no'),
(318, 56, '2019-04-23 06:26:56', 'no'),
(319, 57, '2019-04-23 06:28:31', 'no'),
(320, 58, '2019-04-23 06:29:47', 'no'),
(321, 59, '2019-04-23 06:30:13', 'no'),
(322, 60, '2019-04-23 06:30:33', 'no'),
(323, 61, '2019-04-23 06:31:30', 'no'),
(324, 62, '2019-04-23 06:32:24', 'no'),
(325, 63, '2019-04-23 06:32:35', 'no'),
(326, 64, '2019-04-23 06:33:15', 'no'),
(327, 65, '2019-04-23 06:41:03', 'no'),
(328, 66, '2019-04-23 06:42:09', 'no'),
(329, 67, '2019-04-23 06:42:29', 'no'),
(330, 68, '2019-04-23 07:55:38', 'no'),
(331, 69, '2019-04-23 07:57:36', 'no'),
(332, 70, '2019-04-23 08:10:38', 'no'),
(333, 71, '2019-04-23 08:13:19', 'no'),
(334, 72, '2019-04-24 13:06:58', 'no'),
(335, 1, '2019-04-24 13:30:37', 'no'),
(336, 73, '2019-04-24 14:09:26', 'no'),
(337, 1, '2019-04-24 16:42:24', 'no'),
(338, 74, '2019-04-24 17:56:05', 'no'),
(339, 1, '2019-04-24 17:51:17', 'no'),
(340, 75, '2019-04-24 17:52:34', 'no'),
(341, 76, '2019-04-24 18:40:13', 'no'),
(342, 77, '2019-04-24 17:57:53', 'no'),
(343, 78, '2019-04-25 01:53:08', 'no'),
(344, 1, '2019-04-24 19:47:04', 'no'),
(345, 79, '2019-04-24 19:42:28', 'no'),
(346, 1, '2019-04-25 10:25:15', 'no'),
(347, 80, '2019-04-25 06:31:22', 'no'),
(348, 81, '2019-04-25 08:13:04', 'no'),
(349, 82, '2019-04-25 10:21:04', 'no'),
(350, 1, '2019-04-25 10:14:02', 'no'),
(351, 1, '2019-04-25 14:37:04', 'no'),
(352, 83, '2019-04-25 10:25:32', 'no');

-- --------------------------------------------------------

--
-- Table structure for table `tbl_announcement`
--

CREATE TABLE `tbl_announcement` (
  `id` int(11) NOT NULL,
  `title` varchar(360) NOT NULL,
  `slider_images` text NOT NULL,
  `status` int(11) DEFAULT NULL,
  `date_time` timestamp NOT NULL DEFAULT CURRENT_TIMESTAMP
) ENGINE=InnoDB DEFAULT CHARSET=latin1;

--
-- Dumping data for table `tbl_announcement`
--

INSERT INTO `tbl_announcement` (`id`, `title`, `slider_images`, `status`, `date_time`) VALUES
(7, 'Announcement 1', 'uploads/5cb4718b4f9f51.png', 1, '2019-04-15 11:56:59'),
(8, 'Announcement 2', 'uploads/5cb471b9b7f2c2.jpg', 1, '2019-04-15 11:57:45'),
(9, 'Announcement 3', 'uploads/5cb471c619d293.jpg', 1, '2019-04-15 11:57:58'),
(10, 'Announcement 4', 'uploads/5cb471d25a4bb4.jpg', 1, '2019-04-15 11:58:10');

-- --------------------------------------------------------

--
-- Table structure for table `tbl_announcement_alert`
--

CREATE TABLE `tbl_announcement_alert` (
  `id` int(11) NOT NULL,
  `title` varchar(255) NOT NULL,
  `description` text NOT NULL,
  `status` int(11) NOT NULL,
  `date_time` timestamp NOT NULL DEFAULT CURRENT_TIMESTAMP
) ENGINE=InnoDB DEFAULT CHARSET=latin1;

--
-- Dumping data for table `tbl_announcement_alert`
--

INSERT INTO `tbl_announcement_alert` (`id`, `title`, `description`, `status`, `date_time`) VALUES
(1, 'Testing announcement', 'Only for testing announcement ', 1, '2019-04-20 14:25:22');

-- --------------------------------------------------------

--
-- Table structure for table `tbl_brand`
--

CREATE TABLE `tbl_brand` (
  `id` int(11) NOT NULL,
  `brand` text NOT NULL,
  `type` varchar(255) NOT NULL,
  `website` text,
  `youtube` text,
  `logo` text NOT NULL
) ENGINE=InnoDB DEFAULT CHARSET=latin1;

--
-- Dumping data for table `tbl_brand`
--

INSERT INTO `tbl_brand` (`id`, `brand`, `type`, `website`, `youtube`, `logo`) VALUES
(1, 'ACHILLES', 'tire', 'http://www.achillestireusa.com/', 'https://www.youtube.com/watch?v=Cht9vvLX6MU', '../images/logos/tires/Achilles.png'),
(2, 'BRIDGESTONE', 'tire', 'https://www.bridgestonetire.com/', 'https://www.youtube.com/user/bridgestonetires', '../images/logos/tires/BRIDGESTONE.png'),
(3, 'ATTURO', 'tire', '', 'https://www.youtube.com/channel/UCjruKGA1UlLWBGB91OWRCKg', '../images/logos/tires/Atturo.png'),
(4, 'AMERICAN TOURER', 'tire', '', 'catalog_pdf/American-Tourer-Catalog-2017.pdf', '../images/logos/tires/AMERICANTOURER.png'),
(5, 'AMP', 'tire', '', 'https://www.youtube.com/watch?v=jQFoaKYZvg0', '../images/logos/tires/AMP.png'),
(6, 'ANTARES', 'tire', '', 'https://www.youtube.com/watch?v=sW2_LAEDk3U', '../images/logos/tires/antares-logo.jpg'),
(7, 'BRONTO', 'tire', '', 'https://www.youtube.com/watch?v=ttyeiG3wuRw', ''),
(8, 'CARGOMAX', 'tire', '', 'https://www.youtube.com/watch?v=Pxdf7-l6h3M', ''),
(9, 'COMFORSER', 'tire', '', 'https://www.youtube.com/watch?v=SajbcEfnT_c', '../images/logos/tires/COMFORSER.png'),
(10, 'CONSTANCY', 'tire', '', 'https://www.youtube.com/watch?v=vJLjoND87Ks', '../images/logos/tires/constancy.jpg'),
(11, 'CROSSWIND', 'tire', '', 'https://www.youtube.com/watch?v=kjIo5kmwAss', '../images/logos/tires/CROSSWIND.jpg'),
(12, 'DCENTI', 'tire', '', 'https://www.youtube.com/watch?v=rXWCKmxSga8', '../images/logos/tires/DCENTI.jpg'),
(13, 'DORAL', 'tire', '', 'https://www.youtube.com/watch?v=046XVLKEWeM', '../images/logos/tires/doral.png'),
(14, 'DURATURN', 'tire', '', 'https://www.youtube.com/channel/UCrWDsSorMpGTq4OpVphXCpg', '../images/logos/tires/DURATURN.png'),
(15, 'DURUN', 'tire', '', 'https://www.youtube.com/watch?v=uTEgC2U8c9w', ''),
(16, 'FALKEN', 'tire', '', 'https://www.youtube.com/watch?v=1jlMg8FZiKM', '../images/logos/tires/FALKEN.png'),
(17, 'FARROAD', 'tire', '', 'https://www.youtube.com/watch?v=bdjjWmPXdMk&list=PL9RltkazfbOaOsUVq0MOgzWHddF-63f3p', '../images/logos/tires/FARROAD.png'),
(18, 'FEDERAL', 'tire', '', 'https://www.youtube.com/watch?v=Yc_4o1fzJGQ', '../images/logos/tires/FEDERAL.jpg'),
(19, 'FIRESTONE', 'tire', '', 'https://www.youtube.com/watch?v=m7lHetwiP-Q', '../images/logos/tires/FIRESTONE.jpg'),
(20, 'FORCEUM', 'tire', '', 'https://www.youtube.com/watch?v=wcMVjn2NZ5o', '../images/logos/tires/FORCEUM.png'),
(21, 'FORMOZA', 'tire', '', 'https://www.youtube.com/watch?v=tidrjcKDsAQ', '../images/logos/tires/FURY.png'),
(22, 'FURY', 'tire', '', 'https://www.youtube.com/watch?v=75zX9_DxhG4', '../images/logos/tires/FURY.png'),
(23, 'GINELL', 'tire', '', 'https://www.youtube.com/watch?v=SF6y6U-bvhQ', '../images/logos/tires/GINELL.png'),
(24, 'GOODYEAR', 'tire', '', 'https://www.youtube.com/watch?v=Mu2U94U9OPA', '../images/logos/tires/GOODYEAR.png'),
(25, 'GREEN MAX', 'tire', '', 'https://www.youtube.com/watch?v=dBj1PbQhBK8', '../images/logos/tires/GREEN MAX.png'),
(26, 'GRENLANDER', 'tire', '', 'https://www.youtube.com/watch?v=HM9-2hHwVs4', '../images/logos/tires/GRENLANDER.png'),
(27, 'AZAD', 'wheel', '', 'https://www.youtube.com/channel/UCVfojA1ivy4nEwh7YkuyBOw', '../images/logos/wheels/AZAD.jpg'),
(28, 'ELEMENT', 'wheel', '', 'https://www.youtube.com/channel/UCd1zOurW5gO6MBLilCMi5Fg', '../images/logos/wheels/ELEMENT.jpg'),
(29, 'ELEVATE', 'wheel', '', '', ''),
(30, 'FORCE OFFROAD', 'wheel', '', '', '../images/logos/wheels/FORCE OFFROAD.png'),
(31, 'GIOVANNA', 'wheel', '', 'https://www.youtube.com/channel/UCLqny-MqeYoln-hjxgYpTFQ', '../images/logos/wheels/giovanna-wheels-logo.png'),
(32, 'GROUNDSPEED', 'tire', '', 'https://www.youtube.com/watch?v=ibPA-7TobU0', '../images/logos/tires/GROUNDSPEED.jpg'),
(33, 'HAIDA', 'tire', '', 'https://www.youtube.com/watch?v=bRsR4-HlnTo', '../images/logos/tires/HAIDA.png'),
(34, 'HANKOOK', 'tire', '', 'https://www.youtube.com/watch?v=s0FnfHz6bOU', '../images/logos/tires/HANKOOK.png'),
(35, 'HILO', 'tire', '', 'https://www.youtube.com/watch?v=Cqp5aiVWgEE', '../images/logos/tires/HILO.png'),
(36, 'INTERTRAC', 'tire', '', 'https://www.youtube.com/watch?v=uByrACbmx_0', '../images/logos/tires/INTERTRAC.png'),
(37, 'INVOVIC', 'tire', '', 'https://www.youtube.com/watch?v=Ee2TOmXs1xo', '../images/logos/tires/INVOVIC.jpg'),
(38, 'IROC', 'wheel', '', 'https://www.youtube.com/watch?v=CwTR9RgUF8A', ''),
(39, 'JINYU', 'tire', '', 'https://www.youtube.com/channel/UCVm12guWZUtNXm5cvEC8Mpw', '../images/logos/tires/JINYU.png'),
(40, 'KUMHO', 'tire', '', 'https://www.youtube.com/user/Thedrtire', '../images/logos/tires/KUMHO.png'),
(41, 'LANDGOLDEN', 'tire', '', '', '../images/logos/tires/LANDGOLDEN.png'),
(42, 'LEXANI', 'tire', '', 'https://www.youtube.com/user/hillyardcustoms577', '../images/logos/tires/LEXANI.jpg'),
(43, 'LIONHART', 'tire', '', 'https://www.youtube.com/watch?v=cd32yZInn2E', '../images/logos/tires/LIONHART.png'),
(44, 'LIZETTI', 'tire', '', 'https://www.youtube.com/watch?v=7MtUhvk97_Q', '../images/logos/tires/LIZETTI.png'),
(45, 'MAMBA', 'wheel', '', 'https://www.youtube.com/watch?v=MA5LAZh5kg4', '../images/logos/tires/MAMBA-OFFROAD-WHEELS.jpeg'),
(46, 'MICHELIN ', 'tire', '', 'https://www.youtube.com/watch?v=JtP4_SiNY3M', '../images/logos/tires/MICHELIN.jpg'),
(47, 'MOMO', 'tire', '', 'https://www.youtube.com/watch?v=sFABgK1uA4M', '../images/logos/tires/MOMO.jpeg'),
(48, 'MONSTER ', 'wheel', '', 'https://www.youtube.com/watch?v=MDx6uOSXjFo', '../images/logos/wheels/MONSTER.png'),
(50, 'MOTO MENTAL', 'wheel', '', 'https://www.youtube.com/watch?v=QcB1nWZVi9k', '../images/logos/wheels/MOTO METAL.jpg'),
(51, 'MUDCLAW', 'tire', '', 'https://www.youtube.com/watch?v=ymf2OcqMwxc', '../images/logos/tires/MUDCLAW.jpg'),
(52, 'ACCELERA', 'tire', NULL, NULL, '../images/logos/tires/accelera.png'),
(53, 'ATLAS', 'tire', NULL, NULL, '../images/logos/tires/atlas.png'),
(54, 'AUPLUS', 'tire', NULL, NULL, '../images/logos/tires/auplus.png'),
(55, 'BANNERS', 'tire', NULL, NULL, ''),
(56, 'GOLDWAY', 'tire', NULL, NULL, '../images/logos/tires/GOLDWAY.jpg'),
(57, 'DOUBLESTAR', 'tire', NULL, NULL, '../images/logos/tires/doublestar.jpg'),
(58, 'NEUTON', 'tire', NULL, NULL, '../images/logos/tires/NEUTON.png'),
(59, 'NITTO', 'tire', NULL, NULL, '../images/logos/tires/NITTO.jpg'),
(60, 'ONYX', 'tire', NULL, NULL, '../images/logos/tires/Onyx.png'),
(61, 'PATRIOT', 'tire', NULL, NULL, '../images/logos/tires/PATRIOT.png'),
(62, 'PRESA', 'tire', NULL, NULL, '../images/logos/tires/PRESA.jpg'),
(63, 'RADAR', 'tire', NULL, NULL, '../images/logos/tires/Radar_Tires_Primary_Logo.png'),
(64, 'RDR', 'tire', NULL, NULL, '../images/logos/tires/RDR.png'),
(65, 'ROADCLAW', 'tire', NULL, NULL, '../images/logos/tires/ROADCLAW.png'),
(66, 'RYDANZ', 'tire', NULL, NULL, '../images/logos/tires/RYDANZ.jpg'),
(67, 'SAFERICH', 'tire', NULL, NULL, '../images/logos/tires/SAFERICH.jpg'),
(68, 'SAILUN', 'tire', NULL, NULL, '../images/logos/tires/sailun-logo.png'),
(69, 'SIERRA', 'tire', NULL, NULL, '../images/logos/tires/SIERRA.png'),
(70, 'STARFIRE', 'tire', NULL, NULL, '../images/logos/tires/STARFIRE.png'),
(71, 'SUNNY', 'tire', NULL, NULL, ''),
(72, 'SUPERMAX', 'tire', NULL, NULL, '../images/logos/tires/supermax.jpg'),
(73, 'TOYO', 'tire', NULL, NULL, '../images/logos/tires/TOYO.png'),
(74, 'TRIANGLE', 'tire', NULL, NULL, '../images/logos/tires/TRIANGLE.png'),
(75, 'VEE RUBBER', 'tire', NULL, NULL, '../images/logos/tires/VeeRubber.jpg'),
(76, 'VELOCITY', 'wheel', NULL, NULL, '../images/logos/tires/VELOCITY.png'),
(77, 'VERCELLI', 'tire', NULL, NULL, '../images/logos/tires/VERCELLI.png'),
(78, 'WINRUN', 'tire', NULL, NULL, '../images/logos/tires/WINRUN.png'),
(79, 'YOKOHAMA', 'tire', NULL, NULL, '../images/logos/tires/YOKOHAMA.jpg'),
(80, 'ZEETEX', 'tire', NULL, NULL, '../images/logos/tires/ZEETEX.png'),
(81, 'NS SERIES', 'wheel', NULL, NULL, '../images/logos/wheels/NSSERIES.jpg'),
(82, 'PINNACLE', 'wheel', NULL, NULL, '../images/logos/wheels/PINNACLE.png'),
(83, 'SEVIZA', 'wheel', NULL, NULL, '../images/logos/wheels/SEVIZIA.jpg'),
(84, 'STRADA', 'wheel', NULL, NULL, '../images/logos/wheels/STRADA.png'),
(85, 'STREET FORCE', 'wheel', NULL, NULL, ''),
(86, 'U2', 'wheel', NULL, NULL, '../images/logos/wheels/U2.jpg'),
(87, 'VERSANTE', 'wheel', NULL, NULL, '../images/logos/wheels/VERSANTE.png'),
(88, 'VERSUS', 'wheel', NULL, NULL, '../images/logos/wheels/VERSUS.png'),
(89, 'WINRUN', 'wheel', NULL, NULL, ''),
(90, 'XD', 'wheel', NULL, NULL, ''),
(91, 'XIX', 'wheel', NULL, NULL, '../images/logos/wheels/XIX.jpg'),
(92, 'PIRELLI', '', NULL, NULL, '../images/logos/tires/pirelli.png');

-- --------------------------------------------------------

--
-- Table structure for table `tbl_car_detail`
--

CREATE TABLE `tbl_car_detail` (
  `id` int(11) NOT NULL,
  `trim_id` int(11) NOT NULL,
  `tsizea` varchar(360) NOT NULL,
  `tsizeb` varchar(360) NOT NULL,
  `tsizec` varchar(360) NOT NULL,
  `image` text
) ENGINE=InnoDB DEFAULT CHARSET=latin1;

--
-- Dumping data for table `tbl_car_detail`
--

INSERT INTO `tbl_car_detail` (`id`, `trim_id`, `tsizea`, `tsizeb`, `tsizec`, `image`) VALUES
(1, 1, '215', '35', '17', '0'),
(2, 2, '225', '40', '18', NULL),
(3, 2, '245', '60', '18', NULL),
(4, 4, '245', '50', '20', NULL),
(5, 5, '245', '60', '18', NULL),
(6, 6, '245', '50', '20', NULL),
(7, 9, '245', '50', '20', NULL),
(8, 10, '245', '35', '19', NULL),
(9, 11, '255', '45', '20', NULL),
(10, 12, '255', '45', '20', NULL),
(11, 13, '235', '55', '19', NULL),
(12, 14, '235', '55', '19', NULL),
(13, 15, '235', '55', '19', NULL),
(14, 16, '235', '55', '19', NULL),
(15, 17, '235', '55', '19', NULL),
(16, 18, '245', '40', '19', NULL),
(17, 19, '245', '40', '19', NULL),
(18, 20, '255', '55', '17', NULL),
(19, 21, '255', '50', '18', NULL),
(20, 22, '245', '40', '19', NULL),
(21, 23, '255', '55', '17', NULL),
(22, 24, '245', '40', '19', NULL),
(23, 25, '245', '40', '19', NULL),
(24, 26, '225', '50', '18', NULL),
(25, 27, '245', '40', '19', NULL),
(26, 28, '255', '50', '18', NULL),
(27, 29, '245', '40', '19', NULL),
(28, 57, '205', '60', '15', NULL),
(29, 63, '245', '40', '20', NULL),
(30, 64, '245', '40', '20', NULL),
(31, 65, '245', '40', '20', NULL),
(32, 66, '255', '55', '20', NULL),
(33, 67, '255', '65', '18', NULL),
(34, 68, '255', '55', '20', NULL),
(35, 69, '255', '65', '18', NULL),
(36, 70, '255', '55', '20', NULL),
(37, 71, '215', '55', '18', NULL),
(38, 72, '215', '55', '18', NULL),
(39, 73, '225', '60', '18', NULL),
(40, 74, '235', '50', '19', NULL),
(41, 75, '245', '45', '19', NULL),
(42, 76, '245', '40', '20', NULL),
(43, 77, '235', '50', '18', NULL),
(44, 78, '235', '50', '18', NULL),
(45, 185, '245', '40', '20', NULL),
(46, 186, '235', '50', '18', NULL),
(47, 187, '235', '50', '18', NULL),
(48, 188, '235', '50', '18', NULL),
(49, 189, '245', '45', '19', NULL),
(50, 84, '245', '40', '19', NULL),
(51, 85, '225', '55', '17', NULL),
(52, 86, '245', '45', '18', NULL),
(53, 87, '245', '40', '19', NULL),
(54, 194, '225', '55', '17', NULL),
(55, 195, '245', '45', '18', NULL),
(56, 196, '245', '45', '18', NULL),
(57, 91, '235', '50', '18', NULL),
(58, 92, '235', '50', '18', NULL),
(59, 93, '235', '50', '18', NULL),
(60, 94, '255', '40', '18', NULL),
(61, 95, '225', '40', '18', NULL),
(62, 96, '225', '40', '18', NULL),
(63, 97, '225', '40', '18', NULL),
(64, 98, '255', '35', '18', NULL),
(65, 99, '245', '45', '17', NULL),
(66, 206, '245', '45', '17', NULL),
(67, 207, '245', '40', '18', NULL),
(68, 208, '245', '40', '18', NULL),
(69, 209, '255', '35', '19', NULL),
(70, 210, '265', '35', '19', NULL),
(71, 211, '245', '40', '18', NULL),
(72, 212, '245', '40', '18', NULL),
(73, 107, '275', '55', '20', NULL),
(74, 108, '285', '45', '22', NULL),
(75, 215, '285', '45', '22', NULL),
(76, 216, '285', '45', '22', NULL),
(77, 111, '275', '55', '20', NULL),
(78, 112, '285', '45', '22', NULL),
(79, 219, '285', '45', '22', NULL),
(80, 220, '285', '45', '22', NULL),
(81, 115, '235', '60', '18', NULL),
(82, 222, '245', '45', '20', NULL),
(83, 223, '235', '60', '18', NULL),
(84, 224, '245', '45', '20', NULL),
(85, 119, '235', '60', '18', NULL),
(86, 226, '245', '45', '20', NULL),
(87, 121, '235', '65', '18', NULL),
(88, 122, '235', '65', '18', NULL),
(89, 230, '235', '55', '20', NULL),
(90, 231, '235', '55', '20', NULL),
(91, 132, '215', '50', '17', NULL),
(92, 133, '215', '50', '17', NULL),
(93, 134, '245', '50', '18', NULL),
(94, 135, '245', '40', '20', NULL),
(95, 136, '245', '40', '20', NULL),
(96, 137, '245', '50', '18', NULL),
(97, 138, '245', '40', '20', NULL),
(98, 245, '245', '40', '20', NULL),
(99, 246, '245', '40', '20', NULL),
(100, 141, '245', '40', '20', NULL),
(101, 142, '285', '30', '20', NULL),
(102, 143, '285', '30', '20', NULL),
(103, 144, '305', '30', '19', NULL),
(104, 251, '265', '70', '16', NULL),
(105, 251, '265', '70', '16', NULL),
(106, 146, '255', '65', '17', NULL),
(107, 254, '265', '60', '18', NULL),
(108, 254, '265', '60', '18', NULL),
(109, 255, '265', '70', '16', NULL),
(110, 256, '255', '65', '17', NULL),
(111, 257, '265', '60', '18', NULL),
(112, 258, '255', '65', '17', NULL),
(113, 259, '265', '65', '17', NULL),
(114, 153, '285', '30', '19', NULL),
(115, 154, '245', '35', '19', NULL),
(116, 155, '285', '30', '19', NULL),
(117, 156, '285', '30', '19', NULL),
(118, 156, '285', '30', '19', NULL),
(119, 156, '285', '30', '19', NULL),
(120, 156, '285', '30', '19', NULL),
(121, 156, '285', '30', '19', NULL),
(122, 156, '285', '30', '19', NULL),
(123, 157, '195', '65', '15', NULL),
(124, 158, '195', '65', '15', NULL),
(125, 158, '195', '65', '15', NULL),
(126, 158, '195', '65', '15', NULL),
(127, 159, '205', '55', '16', NULL),
(128, 159, '205', '55', '16', NULL),
(129, 160, '205', '55', '16', NULL),
(130, 161, '225', '45', '17', NULL),
(131, 163, '225', '45', '17', NULL),
(132, 269, '225', '40', '18', NULL),
(133, 271, '225', '40', '18', NULL),
(134, 271, '225', '40', '18', NULL),
(135, 271, '225', '40', '18', NULL),
(136, 272, '225', '65', '17', NULL),
(137, 273, '225', '65', '17', NULL),
(138, 274, '235', '50', '19', NULL),
(139, 274, '235', '50', '19', NULL),
(140, 275, '225', '65', '17', NULL),
(141, 276, '225', '60', '18', NULL),
(142, 277, '235', '50', '19', NULL),
(143, 278, '225', '60', '18', NULL),
(144, 279, '235', '50', '19', NULL),
(145, 280, '245', '75', '16', NULL),
(146, 281, '245', '75', '16', NULL),
(147, 282, '245', '75', '16', NULL),
(148, 283, '245', '75', '16', NULL),
(149, 285, '245', '75', '16', NULL),
(150, 286, '245', '75', '16', NULL),
(151, 287, '235', '50', '18', NULL),
(152, 287, '235', '50', '18', NULL),
(153, 287, '235', '50', '18', NULL),
(154, 287, '235', '50', '18', NULL),
(155, 287, '235', '50', '18', NULL),
(156, 288, '235', '50', '18', NULL),
(157, 288, '235', '50', '18', NULL),
(158, 289, '245', '45', '19', NULL),
(159, 290, '245', '45', '19', NULL),
(160, 291, '245', '40', '20', NULL),
(161, 292, '225', '55', '17', NULL),
(162, 294, '205', '65', '16', NULL),
(163, 297, '205', '65', '16', NULL),
(164, 298, '255', '55', '17', NULL),
(165, 300, '245', '45', '18', NULL),
(166, 302, '245', '45', '18', NULL),
(167, 303, '245', '40', '19', NULL),
(168, 304, '245', '45', '18', NULL),
(169, 305, '195', '65', '15', NULL),
(170, 306, '205', '50', '17', NULL),
(171, 308, '205', '55', '16', NULL),
(172, 309, '205', '50', '17', NULL),
(173, 310, '205', '55', '16', NULL),
(174, 311, '205', '50', '17', NULL),
(175, 312, '205', '55', '16', NULL),
(176, 314, '205', '50', '17', NULL),
(177, 316, '205', '50', '17', NULL),
(178, 317, '185', '55', '15', NULL),
(179, 318, '185', '55', '15', NULL),
(180, 319, '185', '55', '15', NULL),
(181, 320, '265', '65', '18', NULL),
(182, 320, '265', '65', '18', NULL),
(183, 323, '275', '55', '20', NULL),
(184, 323, '285', '45', '22', NULL),
(185, 324, '265', '65', '18', NULL),
(186, 325, '275', '55', '20', NULL),
(187, 326, '285', '45', '22', NULL),
(188, 327, '275', '55', '20', NULL),
(189, 328, '285', '45', '22', NULL),
(190, 329, '265', '65', '18', NULL),
(191, 329, '265', '65', '18', NULL),
(192, 330, '275', '55', '20', NULL),
(193, 323, '285', '45', '22', NULL),
(194, 323, '285', '45', '22', NULL),
(195, 332, '265', '65', '18', NULL),
(196, 333, '275', '55', '20', NULL),
(197, 334, '285', '45', '22', NULL),
(198, 335, '275', '55', '20', NULL),
(199, 336, '285', '45', '22', NULL),
(200, 337, '255', '55', '20', NULL),
(201, 337, '255', '55', '20', NULL),
(202, 337, '255', '55', '20', NULL),
(203, 338, '255', '65', '18', NULL),
(204, 338, '255', '65', '18', NULL),
(205, 339, '255', '65', '18', NULL),
(206, 340, '255', '55', '20', NULL),
(207, 341, '255', '65', '18', NULL),
(208, 341, '255', '65', '18', NULL),
(209, 342, '255', '55', '20', NULL),
(210, 343, '255', '55', '20', NULL),
(211, 344, '255', '55', '20', NULL),
(212, 342, '215', '55', '18', NULL),
(213, 347, '215', '50', '17', NULL),
(214, 348, '215', '50', '17', NULL),
(215, 349, '245', '45', '20', NULL),
(216, 350, '235', '55', '19', NULL),
(217, 352, '245', '45', '20', NULL),
(218, 353, '235', '55', '19', NULL),
(219, 354, '245', '45', '20', NULL),
(220, 355, '235', '55', '19', NULL),
(221, 356, '235', '55', '19', NULL),
(222, 357, '245', '45', '20', NULL),
(223, 392, '235', '75', '15', NULL),
(224, 395, '235', '75', '15', NULL),
(225, 398, '235', '75', '15', NULL),
(226, 400, '235', '75', '15', NULL),
(227, 401, '235', '75', '15', NULL),
(228, 403, '235', '75', '15', NULL),
(229, 404, '255', '75', '17', NULL),
(230, 405, '225', '75', '17', NULL),
(231, 406, '255', '75', '17', NULL),
(232, 407, '255', '75', '17', NULL),
(233, 407, '255', '75', '17', NULL),
(234, 415, '205', '50', '15', NULL),
(235, 416, '265', '70', '16', NULL),
(236, 417, '265', '70', '16', NULL),
(237, 423, '265', '70', '16', NULL),
(238, 425, '265', '70', '16', NULL),
(239, 432, '235', '75', '15', NULL),
(240, 433, '235', '75', '15', NULL),
(241, 433, '235', '75', '15', NULL),
(242, 437, '225', '75', '17', NULL),
(243, 438, '255', '75', '17', NULL),
(244, 439, '255', '75', '17', NULL),
(245, 440, '255', '75', '17', NULL),
(246, 441, '255', '75', '17', NULL),
(247, 442, '255', '75', '17', NULL),
(248, 443, '255', '75', '17', NULL),
(249, 448, '265', '70', '16', NULL),
(250, 449, '265', '70', '16', NULL),
(251, 448, '265', '70', '16', NULL),
(252, 451, '265', '70', '16', NULL),
(253, 452, '265', '70', '16', NULL),
(254, 453, '235', '75', '15', NULL),
(255, 454, '235', '75', '15', NULL),
(256, 455, '265', '70', '16', NULL),
(257, 455, '265', '70', '16', NULL),
(258, 456, '255', '75', '17', NULL),
(259, 456, '255', '75', '17', NULL),
(260, 456, '255', '75', '17', NULL),
(261, 457, '255', '75', '17', NULL),
(262, 457, '255', '75', '17', NULL),
(263, 457, '255', '75', '17', NULL),
(264, 458, '235', '75', '15', NULL),
(265, 460, '265', '70', '16', NULL),
(266, 461, '255', '75', '17', NULL),
(267, 462, '255', '75', '17', NULL),
(268, 463, '255', '75', '17', NULL),
(269, 464, '255', '75', '17', NULL),
(270, 465, '255', '75', '17', NULL),
(271, 466, '255', '75', '17', NULL),
(272, 467, '255', '75', '17', NULL),
(273, 467, '255', '75', '17', NULL),
(274, 467, '255', '75', '17', NULL),
(275, 468, '255', '75', '17', NULL),
(276, 469, '255', '75', '17', NULL),
(277, 470, '205', '55', '16', NULL),
(278, 471, '205', '55', '16', NULL),
(279, 472, '235', '75', '15', NULL),
(280, 473, '265', '70', '16', NULL),
(281, 474, '235', '75', '15', NULL),
(282, 475, '265', '70', '16', NULL),
(283, 476, '235', '75', '15', NULL),
(284, 477, '235', '75', '15', NULL),
(285, 478, '265', '70', '16', NULL),
(286, 479, '235', '75', '15', NULL),
(287, 480, '265', '70', '16', NULL),
(288, 482, '235', '75', '15', NULL),
(289, 483, '265', '70', '16', NULL),
(290, 484, '235', '75', '15', NULL),
(291, 485, '265', '70', '16', NULL),
(292, 486, '235', '75', '15', NULL),
(293, 489, '235', '75', '15', NULL),
(294, 490, '235', '75', '15', NULL),
(295, 491, '235', '75', '15', NULL),
(296, 492, '235', '75', '15', NULL),
(297, 493, '235', '75', '15', NULL),
(298, 498, '235', '75', '15', NULL),
(299, 499, '235', '75', '15', NULL),
(300, 501, '235', '75', '15', NULL),
(301, 502, '255', '75', '17', NULL),
(302, 504, '255', '75', '17', NULL),
(303, 505, '255', '75', '17', NULL),
(304, 506, '255', '75', '17', NULL),
(305, 507, '255', '75', '17', NULL),
(306, 508, '255', '75', '17', NULL),
(307, 509, '255', '75', '17', NULL),
(308, 510, '255', '75', '17', NULL),
(309, 514, '255', '75', '17', NULL),
(310, 516, '255', '75', '17', NULL),
(311, 517, '255', '75', '17', NULL),
(312, 518, '255', '75', '17', NULL),
(313, 519, '255', '75', '17', NULL),
(314, 518, '255', '75', '17', NULL),
(315, 519, '255', '75', '17', NULL),
(316, 527, '255', '75', '24', NULL),
(317, 527, '255', '75', '24', NULL),
(318, 528, '255', '75', '17', NULL),
(319, 528, '255', '75', '17', NULL),
(320, 528, '255', '75', '17', NULL),
(321, 529, '225', '75', '17', NULL),
(322, 530, '255', '75', '17', NULL),
(323, 531, '225', '75', '17', NULL),
(324, 532, '225', '75', '17', NULL),
(325, 533, '255', '75', '17', NULL),
(326, 534, '255', '75', '17', NULL),
(327, 535, '255', '75', '17', NULL),
(328, 536, '255', '75', '17', NULL),
(329, 537, '255', '75', '17', NULL),
(330, 538, '255', '75', '17', NULL),
(331, 539, '255', '75', '17', NULL),
(332, 540, '255', '75', '17', NULL),
(333, 541, '255', '75', '17', NULL),
(334, 543, '235', '75', '15', NULL),
(335, 549, '235', '75', '15', NULL),
(336, 545, '235', '75', '15', NULL),
(337, 546, '265', '70', '16', NULL),
(338, 547, '265', '70', '16', NULL),
(339, 547, '265', '70', '16', NULL),
(340, 547, '265', '70', '16', NULL),
(341, 547, '265', '70', '16', NULL),
(342, 547, '265', '70', '16', NULL),
(343, 547, '265', '70', '16', NULL),
(344, 547, '265', '70', '16', NULL),
(345, 547, '265', '70', '16', NULL),
(346, 548, '235', '75', '15', NULL),
(347, 549, '235', '75', '15', NULL),
(348, 555, '235', '75', '15', NULL),
(349, 556, '265', '70', '16', NULL),
(350, 557, '265', '70', '16', NULL),
(351, 559, '235', '75', '15', NULL),
(352, 560, '235', '75', '15', NULL),
(353, 561, '265', '70', '16', NULL),
(354, 562, '265', '70', '16', NULL),
(355, 563, '235', '85', '16', NULL),
(356, 564, '215', '85', '16', NULL),
(357, 565, '235', '85', '16', NULL),
(358, 566, '255', '75', '17', NULL),
(359, 567, '235', '85', '16', NULL),
(360, 568, '215', '85', '16', NULL),
(361, 569, '235', '85', '16', NULL),
(362, 570, '255', '75', '17', NULL),
(363, 571, '235', '85', '16', NULL),
(364, 571, '235', '85', '16', NULL),
(365, 572, '235', '85', '16', NULL),
(366, 573, '215', '85', '16', NULL),
(367, 574, '235', '85', '16', NULL),
(368, 575, '255', '75', '17', NULL),
(369, 576, '235', '85', '16', NULL),
(370, 577, '215', '85', '16', NULL),
(371, 578, '235', '85', '16', NULL),
(372, 579, '255', '75', '17', NULL),
(373, 579, '255', '75', '17', NULL),
(374, 579, '255', '75', '17', NULL),
(375, 579, '255', '75', '17', NULL),
(376, 579, '255', '75', '17', NULL),
(377, 579, '255', '75', '17', NULL),
(378, 580, '215', '85', '16', NULL),
(379, 580, '215', '85', '16', NULL),
(380, 580, '235', '85', '16', NULL),
(381, 590, '215', '85', '16', NULL),
(382, 590, '215', '85', '16', NULL),
(383, 591, '255', '75', '17', NULL),
(384, 592, '235', '85', '16', NULL),
(385, 593, '235', '85', '16', NULL),
(386, 594, '215', '85', '16', NULL),
(387, 595, '255', '75', '17', NULL),
(388, 596, '235', '85', '16', NULL),
(389, 597, '215', '85', '16', NULL),
(390, 598, '255', '75', '17', NULL),
(391, 600, '235', '75', '15', NULL),
(392, 601, '235', '75', '15', NULL),
(393, 602, '235', '75', '15', NULL),
(394, 603, '235', '75', '15', NULL),
(395, 604, '235', '75', '15', NULL),
(396, 605, '235', '75', '15', NULL),
(397, 606, '235', '75', '15', NULL),
(398, 607, '235', '75', '15', NULL),
(399, 608, '235', '75', '15', NULL),
(400, 609, '235', '75', '15', NULL),
(401, 611, '235', '75', '15', NULL),
(402, 612, '235', '75', '15', NULL),
(403, 613, '235', '75', '15', NULL),
(404, 614, '215', '85', '16', NULL),
(405, 615, '215', '85', '16', NULL),
(406, 616, '235', '85', '16', NULL),
(407, 617, '215', '85', '16', NULL),
(408, 618, '215', '85', '16', NULL),
(409, 619, '215', '85', '16', NULL),
(410, 620, '235', '85', '16', NULL),
(411, 621, '215', '85', '16', NULL),
(412, 622, '215', '85', '16', NULL),
(413, 623, '215', '85', '16', NULL),
(414, 624, '235', '85', '16', NULL),
(415, 625, '235', '85', '16', NULL),
(416, 626, '235', '85', '16', NULL),
(417, 627, '235', '85', '16', NULL),
(418, 625, '235', '85', '16', NULL),
(419, 628, '215', '85', '16', NULL),
(420, 629, '235', '85', '16', NULL),
(421, 630, '235', '85', '16', NULL),
(422, 631, '215', '85', '16', NULL),
(423, 632, '235', '85', '16', NULL),
(424, 633, '215', '85', '16', NULL),
(425, 639, '255', '75', '17', NULL),
(426, 639, '255', '75', '17', NULL),
(427, 639, '255', '75', '17', NULL),
(428, 639, '255', '75', '17', NULL),
(429, 639, '255', '75', '17', NULL),
(430, 639, '255', '75', '17', NULL),
(431, 639, '255', '75', '17', NULL),
(432, 640, '255', '75', '17', NULL),
(433, 642, '255', '75', '17', NULL),
(434, 642, '255', '75', '17', NULL),
(435, 644, '255', '75', '17', NULL),
(436, 646, '255', '75', '17', NULL),
(437, 647, '255', '75', '17', NULL),
(438, 648, '255', '75', '17', NULL),
(439, 649, '255', '75', '17', NULL),
(440, 650, '255', '75', '17', NULL),
(441, 651, '255', '75', '17', NULL),
(442, 652, '255', '75', '17', NULL),
(443, 653, '255', '75', '17', NULL),
(444, 655, '265', '70', '16', NULL),
(445, 656, '235', '75', '15', NULL),
(446, 657, '235', '75', '15', NULL),
(447, 658, '265', '70', '16', NULL),
(448, 659, '235', '75', '15', NULL),
(449, 661, '265', '70', '16', NULL),
(450, 661, '265', '70', '16', NULL),
(451, 662, '235', '75', '15', NULL),
(452, 663, '265', '70', '16', NULL),
(453, 664, '235', '75', '15', NULL),
(454, 665, '265', '70', '16', NULL),
(455, 666, '235', '75', '15', NULL),
(456, 667, '265', '70', '16', NULL),
(457, 668, '235', '75', '15', NULL),
(458, 669, '235', '75', '15', NULL),
(459, 670, '235', '75', '15', NULL),
(460, 671, '235', '75', '15', NULL),
(461, 672, '235', '75', '15', NULL),
(462, 673, '235', '75', '15', NULL),
(463, 674, '235', '75', '15', NULL),
(464, 675, '215', '85', '16', NULL),
(465, 676, '255', '75', '17', NULL),
(466, 677, '235', '85', '16', NULL),
(467, 678, '235', '85', '16', NULL),
(468, 679, '215', '85', '16', NULL),
(469, 680, '255', '75', '17', NULL),
(470, 681, '235', '85', '16', NULL),
(471, 682, '235', '75', '15', NULL),
(472, 683, '235', '75', '15', NULL),
(473, 683, '235', '75', '15', NULL),
(474, 683, '235', '75', '15', NULL),
(475, 684, '265', '70', '16', NULL),
(476, 685, '265', '70', '16', NULL),
(477, 686, '265', '70', '16', NULL),
(478, 687, '265', '70', '16', NULL),
(479, 688, '185', '65', '15', NULL),
(480, 689, '205', '45', '17', NULL),
(481, 690, '185', '65', '15', NULL),
(482, 691, '185', '65', '15', NULL),
(483, 692, '185', '65', '15', NULL),
(484, 693, '205', '45', '17', NULL),
(485, 694, '195', '65', '15', NULL),
(486, 695, '225', '45', '17', NULL),
(487, 696, '195', '65', '15', NULL),
(488, 697, '205', '55', '16', NULL),
(489, 698, '225', '40', '18', NULL),
(490, 699, '225', '45', '17', NULL),
(491, 700, '205', '55', '16', NULL),
(492, 701, '205', '55', '16', NULL),
(493, 702, '205', '55', '16', NULL),
(494, 703, '195', '65', '15', NULL),
(495, 704, '195', '65', '15', NULL),
(496, 705, '225', '45', '17', NULL),
(497, 706, '225', '45', '17', NULL),
(498, 707, '195', '65', '15', NULL),
(499, 708, '195', '65', '15', NULL),
(500, 709, '225', '45', '17', NULL),
(501, 710, '205', '55', '16', NULL),
(502, 711, '205', '55', '16', NULL),
(503, 713, '205', '60', '16', NULL),
(504, 714, '235', '45', '18', NULL),
(505, 715, '215', '55', '17', NULL),
(506, 716, '215', '55', '17', NULL),
(507, 717, '205', '60', '16', NULL),
(508, 718, '215', '55', '17', NULL),
(509, 719, '235', '45', '18', NULL),
(510, 721, '235', '45', '18', NULL),
(511, 723, '205', '60', '16', NULL),
(512, 724, '235', '55', '19', NULL),
(513, 725, '235', '60', '18', NULL),
(514, 726, '235', '55', '19', NULL),
(515, 727, '235', '60', '18', NULL),
(516, 728, '235', '60', '18', NULL),
(517, 729, '235', '65', '17', NULL),
(518, 730, '235', '65', '17', NULL),
(519, 731, '235', '60', '18', NULL),
(520, 732, '235', '55', '19', NULL),
(521, 733, '235', '60', '18', NULL),
(522, 734, '235', '60', '18', NULL),
(523, 735, '235', '55', '19', NULL),
(524, 737, '235', '60', '18', NULL),
(525, 738, '235', '60', '18', NULL),
(526, 739, '235', '60', '18', NULL),
(527, 740, '205', '65', '16', NULL),
(528, 741, '215', '55', '17', NULL),
(529, 742, '215', '55', '17', NULL),
(530, 743, '205', '65', '16', NULL),
(531, 744, '215', '55', '17', NULL),
(532, 745, '215', '55', '17', NULL),
(533, 745, '215', '55', '17', NULL),
(534, 745, '215', '55', '17', NULL),
(535, 746, '235', '45', '18', NULL),
(536, 747, '215', '55', '17', NULL),
(537, 748, '215', '55', '17', NULL),
(538, 749, '215', '55', '17', NULL),
(539, 750, '215', '55', '17', NULL),
(540, 751, '205', '65', '16', NULL),
(541, 752, '215', '55', '17', NULL),
(542, 753, '215', '55', '17', NULL),
(543, 754, '235', '45', '18', NULL),
(544, 755, '235', '45', '18', NULL),
(545, 756, '225', '55', '18', NULL),
(546, 757, '225', '60', '17', NULL),
(547, 758, '225', '55', '18', NULL),
(548, 759, '245', '45', '19', NULL),
(549, 760, '225', '60', '17', NULL),
(550, 761, '225', '50', '18', NULL),
(551, 762, '225', '55', '17', NULL),
(552, 763, '245', '40', '19', NULL),
(553, 764, '245', '40', '19', NULL),
(554, 765, '245', '40', '19', NULL),
(555, 766, '245', '40', '19', NULL),
(556, 767, '255', '40', '19', NULL),
(557, 768, '255', '40', '19', NULL),
(558, 769, '255', '35', '20', NULL),
(559, 770, '255', '35', '20', NULL),
(560, 771, '245', '50', '18', NULL),
(561, 772, '245', '40', '20', NULL),
(562, 779, '245', '40', '20', NULL),
(563, 774, '245', '50', '18', NULL),
(564, 775, '245', '40', '20', NULL),
(565, 776, '245', '40', '20', NULL),
(566, 777, '245', '50', '18', NULL),
(567, 778, '245', '40', '20', NULL),
(568, 779, '245', '40', '20', NULL),
(569, 780, '245', '50', '18', NULL),
(570, 781, '245', '40', '20', NULL),
(571, 782, '245', '40', '20', NULL),
(572, 783, '235', '50', '18', NULL),
(573, 784, '235', '50', '18', NULL),
(574, 786, '235', '50', '18', NULL),
(575, 787, '235', '50', '18', NULL),
(576, 790, '235', '50', '18', NULL),
(577, 792, '235', '65', '18', NULL),
(578, 793, '235', '55', '20', NULL),
(579, 794, '235', '65', '18', NULL),
(580, 796, '275', '60', '20', NULL),
(581, 798, '275', '50', '22', NULL),
(582, 799, '275', '50', '22', NULL),
(583, 800, '275', '50', '22', NULL),
(584, 803, '265', '70', '16', NULL),
(585, 805, '265', '70', '16', NULL),
(586, 806, '265', '70', '16', NULL),
(587, 807, '235', '55', '18', NULL),
(588, 808, '235', '55', '18', NULL),
(589, 809, '215', '70', '15', NULL),
(590, 810, '215', '70', '15', NULL),
(591, 811, '265', '70', '16', NULL),
(592, 812, '265', '70', '16', NULL),
(593, 813, '235', '75', '15', NULL),
(594, 814, '265', '70', '16', NULL),
(595, 828, '265', '70', '16', NULL),
(596, 815, '265', '70', '16', NULL),
(597, 816, '235', '75', '15', NULL),
(598, 818, '265', '70', '16', NULL),
(599, 819, '265', '70', '16', NULL),
(600, 821, '265', '70', '16', NULL),
(601, 822, '265', '70', '16', NULL),
(602, 823, '235', '75', '15', NULL),
(603, 824, '265', '70', '16', NULL),
(604, 825, '265', '70', '16', NULL),
(605, 826, '235', '75', '15', NULL),
(606, 827, '235', '75', '15', NULL),
(607, 829, '265', '70', '16', NULL),
(608, 830, '265', '70', '16', NULL),
(609, 831, '265', '70', '16', NULL),
(610, 832, '265', '70', '16', NULL),
(611, 834, '235', '75', '15', NULL),
(612, 835, '235', '75', '15', NULL),
(613, 837, '265', '70', '16', NULL),
(614, 838, '265', '70', '16', NULL),
(615, 839, '255', '75', '17', NULL),
(616, 840, '255', '75', '17', NULL),
(617, 841, '265', '70', '16', NULL),
(618, 842, '265', '70', '16', NULL),
(619, 843, '235', '75', '15', NULL),
(620, 844, '235', '75', '15', NULL),
(621, 845, '265', '70', '16', NULL),
(622, 847, '245', '40', '19', NULL),
(623, 849, '245', '45', '18', NULL),
(624, 851, '245', '40', '19', NULL),
(625, 852, '245', '45', '18', NULL),
(626, 853, '225', '45', '17', NULL),
(627, 854, '225', '45', '17', NULL),
(628, 855, '195', '65', '15', NULL),
(629, 857, '225', '45', '17', NULL),
(630, 858, '245', '45', '19', NULL),
(631, 859, '205', '60', '16', NULL),
(632, 860, '205', '60', '16', NULL),
(633, 861, '205', '60', '16', NULL),
(634, 862, '205', '60', '16', NULL),
(635, 863, '205', '60', '16', NULL),
(636, 864, '205', '60', '16', NULL),
(637, 865, '225', '45', '18', NULL),
(638, 866, '215', '55', '17', NULL),
(639, 867, '205', '65', '16', NULL),
(640, 868, '215', '55', '17', NULL),
(641, 869, '215', '55', '17', NULL),
(642, 870, '235', '45', '18', NULL),
(643, 871, '235', '45', '18', NULL),
(644, 872, '185', '65', '15', NULL),
(645, 873, '185', '65', '15', NULL),
(646, 874, '235', '60', '18', NULL),
(647, 875, '235', '65', '17', NULL),
(648, 875, '235', '65', '17', NULL),
(649, 876, '235', '65', '17', NULL),
(650, 877, '235', '60', '18', NULL),
(651, 877, '235', '60', '18', NULL),
(652, 878, '235', '60', '18', NULL),
(653, 879, '235', '55', '19', NULL),
(654, 880, '235', '60', '18', NULL),
(655, 880, '235', '60', '18', NULL),
(656, 881, '235', '65', '17', NULL),
(657, 882, '235', '65', '17', NULL),
(658, 883, '235', '65', '17', NULL),
(659, 884, '235', '55', '19', NULL),
(660, 885, '235', '55', '19', NULL),
(661, 894, '205', '60', '16', NULL),
(662, 886, '235', '45', '18', NULL),
(663, 888, '235', '45', '18', NULL),
(664, 889, '205', '60', '16', NULL),
(665, 890, '215', '55', '17', NULL),
(666, 891, '235', '45', '18', NULL),
(667, 892, '205', '60', '16', NULL),
(668, 893, '235', '45', '18', NULL),
(669, 895, '205', '60', '16', NULL),
(670, 896, '225', '55', '18', NULL),
(671, 897, '225', '60', '17', NULL),
(672, 897, '225', '60', '17', NULL),
(673, 898, '245', '45', '19', NULL),
(674, 899, '245', '35', '19', NULL),
(675, 900, '305', '30', '20', NULL),
(676, 901, '195', '60', '15', NULL),
(677, 902, '195', '60', '15', NULL),
(678, 906, '255', '55', '20', NULL),
(679, 907, '255', '55', '20', NULL),
(680, 910, '255', '55', '20', NULL),
(681, 918, '245', '45', '20', NULL),
(682, 919, '235', '55', '19', NULL),
(683, 919, '235', '55', '19', NULL),
(684, 908, '235', '55', '19', NULL),
(685, 909, '245', '45', '20', NULL),
(686, 924, '235', '55', '19', NULL),
(687, 925, '245', '45', '20', NULL),
(688, 926, '235', '55', '19', NULL),
(689, 927, '235', '55', '19', NULL),
(690, 928, '245', '45', '20', NULL),
(691, 929, '235', '55', '19', NULL),
(692, 930, '235', '55', '19', NULL),
(693, 930, '235', '55', '19', NULL),
(694, 931, '235', '60', '18', NULL),
(695, 933, '235', '55', '19', NULL),
(696, 932, '235', '55', '19', NULL),
(697, 934, '235', '60', '18', NULL),
(698, 935, '235', '55', '19', NULL),
(699, 936, '235', '55', '19', NULL),
(700, 937, '235', '60', '18', NULL),
(701, 938, '235', '55', '19', NULL),
(702, 938, '235', '55', '19', NULL),
(703, 938, '235', '55', '19', NULL),
(704, 938, '235', '55', '19', NULL),
(705, 938, '235', '55', '19', NULL),
(706, 939, '235', '55', '19', NULL),
(707, 942, '255', '55', '20', NULL),
(708, 950, '255', '55', '20', NULL),
(709, 953, '255', '55', '20', NULL),
(710, 953, '255', '55', '20', NULL),
(711, 953, '255', '55', '20', NULL),
(712, 953, '255', '55', '20', NULL),
(713, 953, '255', '55', '20', NULL),
(714, 953, '255', '55', '20', NULL),
(715, 961, '215', '55', '17', NULL),
(716, 962, '235', '45', '18', NULL),
(717, 963, '215', '55', '17', NULL),
(718, 963, '215', '55', '17', NULL),
(719, 963, '215', '55', '17', NULL),
(720, 964, '235', '45', '18', NULL),
(721, 965, '235', '40', '19', NULL),
(722, 967, '255', '35', '19', NULL),
(723, 968, '225', '50', '17', NULL),
(724, 969, '235', '45', '18', NULL),
(725, 970, '235', '45', '18', NULL),
(726, 971, '235', '40', '19', NULL),
(727, 971, '235', '40', '19', NULL),
(728, 968, '235', '45', '18', NULL),
(729, 968, '235', '45', '18', NULL),
(730, 968, '235', '45', '18', NULL),
(731, 968, '235', '45', '18', NULL),
(732, 968, '235', '45', '18', NULL),
(733, 968, '235', '45', '18', NULL),
(734, 968, '235', '45', '18', NULL),
(735, 968, '235', '45', '18', NULL),
(736, 968, '235', '45', '18', NULL),
(737, 972, '265', '60', '18', NULL),
(738, 973, '265', '60', '18', NULL),
(739, 974, '265', '60', '18', NULL),
(740, 975, '225', '45', '17', NULL),
(741, 976, '225', '45', '17', NULL),
(742, 977, '225', '40', '18', NULL),
(743, 978, '225', '45', '17', NULL),
(744, 980, '225', '45', '17', NULL),
(745, 981, '225', '40', '18', NULL),
(746, 982, '225', '40', '18', NULL),
(747, 983, '225', '45', '17', NULL),
(748, 984, '225', '45', '17', NULL),
(749, 986, '225', '45', '17', NULL),
(750, 987, '225', '40', '18', NULL),
(751, 988, '225', '40', '18', NULL),
(752, 990, '245', '45', '20', NULL),
(753, 992, '245', '45', '20', NULL),
(754, 1004, '285', '50', '20', NULL),
(755, 1004, '225', '65', '17', NULL),
(756, 1007, '225', '60', '18', NULL),
(757, 1008, '225', '60', '18', NULL),
(758, 1009, '235', '55', '18', NULL),
(759, 1011, '225', '65', '17', NULL),
(760, 1012, '225', '60', '18', NULL),
(761, 1013, '255', '35', '19', NULL),
(762, 1014, '255', '35', '19', NULL),
(763, 1015, '235', '65', '18', NULL),
(764, 1016, '235', '55', '20', NULL),
(765, 1016, '235', '55', '20', NULL),
(766, 1017, '235', '55', '20', NULL),
(767, 1018, '235', '65', '18', NULL),
(768, 1020, '235', '65', '18', NULL),
(769, 1021, '235', '55', '20', NULL),
(770, 1022, '235', '55', '20', NULL),
(771, 1023, '235', '65', '18', NULL),
(772, 1021, '235', '55', '20', NULL),
(773, 1025, '245', '40', '20', NULL),
(774, 1025, '245', '40', '20', NULL),
(775, 1026, '245', '40', '20', NULL),
(776, 1027, '255', '45', '19', NULL),
(777, 1028, '245', '40', '20', NULL),
(778, 1029, '255', '45', '19', NULL),
(779, 1030, '245', '40', '20', NULL),
(780, 1031, '255', '45', '19', NULL),
(781, 1032, '245', '40', '20', NULL),
(782, 1033, '255', '45', '19', NULL),
(783, 1034, '245', '40', '20', NULL),
(784, 1035, '245', '45', '19', NULL),
(785, 1036, '235', '45', '19', NULL),
(786, 1037, '255', '40', '20', NULL),
(787, 1038, '255', '40', '20', NULL),
(788, 1039, '235', '50', '18', NULL),
(789, 1040, '245', '45', '19', NULL),
(790, 1041, '235', '45', '19', NULL),
(791, 1042, '255', '40', '20', NULL),
(792, 1043, '255', '40', '20', NULL),
(793, 1044, '235', '50', '18', NULL),
(794, 1044, '235', '50', '18', NULL),
(795, 1044, '235', '50', '18', NULL),
(796, 1044, '235', '50', '18', NULL),
(797, 1045, '235', '55', '19', NULL),
(798, 1046, '255', '45', '20', NULL),
(799, 1047, '245', '40', '19', NULL),
(800, 1048, '245', '40', '19', NULL),
(801, 1049, '245', '40', '19', NULL),
(802, 1050, '245', '60', '18', NULL),
(803, 1052, '245', '50', '20', NULL),
(804, 1054, '245', '60', '18', NULL),
(805, 1055, '245', '60', '18', NULL),
(806, 1056, '285', '45', '22', NULL),
(807, 1057, '285', '45', '22', NULL),
(808, 1058, '285', '45', '22', NULL),
(809, 1059, '285', '45', '22', NULL),
(810, 1060, '285', '45', '22', NULL),
(811, 1061, '285', '45', '22', NULL),
(812, 1062, '215', '60', '16', NULL),
(813, 1064, '215', '60', '16', NULL),
(814, 1064, '215', '60', '16', NULL),
(815, 1064, '215', '60', '16', NULL),
(816, 1066, '215', '60', '16', NULL),
(817, 1062, '255', '60', '18', NULL),
(818, 1069, '255', '50', '20', NULL),
(819, 1069, '255', '50', '20', NULL),
(820, 1070, '255', '50', '20', NULL),
(821, 1071, '255', '50', '20', NULL),
(822, 1072, '255', '50', '20', NULL),
(823, 1073, '255', '60', '18', NULL),
(824, 1074, '255', '60', '18', NULL),
(825, 1075, '205', '45', '17', NULL),
(826, 1076, '195', '50', '16', NULL),
(827, 1077, '205', '45', '17', NULL),
(828, 1079, '205', '45', '17', NULL),
(829, 1080, '205', '45', '17', NULL),
(830, 1081, '205', '45', '17', NULL),
(831, 1082, '205', '45', '17', NULL),
(832, 1083, '195', '50', '16', NULL),
(833, 1084, '225', '35', '19', NULL),
(834, 1084, '225', '35', '19', NULL),
(835, 1127, '225', '35', '19', NULL),
(836, 1127, '225', '35', '19', NULL),
(837, 1128, '225', '35', '19', NULL),
(838, 1129, '225', '35', '19', NULL),
(839, 1130, '245', '35', '19', NULL),
(840, 1130, '245', '35', '19', NULL),
(841, 1131, '255', '35', '19', NULL),
(842, 1132, '255', '35', '19', NULL),
(843, 1133, '235', '60', '18', NULL),
(844, 1134, '235', '60', '18', NULL),
(845, 1135, '235', '55', '19', NULL),
(846, 1136, '235', '55', '19', NULL),
(847, 1137, '255', '45', '20', NULL),
(848, 1138, '235', '55', '19', NULL),
(849, 1139, '235', '55', '19', NULL),
(850, 1140, '255', '45', '20', NULL),
(851, 1141, '255', '45', '20', NULL),
(852, 1142, '235', '60', '18', NULL),
(853, 1143, '235', '60', '18', NULL),
(854, 1144, '235', '55', '19', NULL),
(855, 1145, '235', '55', '19', NULL),
(856, 1146, '255', '45', '20', NULL),
(857, 1146, '255', '45', '20', NULL),
(858, 1147, '175', '65', '15', NULL),
(859, 1148, '195', '55', '16', NULL),
(860, 1150, '205', '45', '17', NULL),
(861, 1151, '175', '65', '15', NULL),
(862, 1152, '195', '55', '16', NULL),
(863, 1153, '195', '55', '16', NULL),
(864, 1155, '205', '45', '17', NULL),
(865, 1156, '175', '65', '15', NULL),
(866, 1157, '205', '50', '17', NULL),
(867, 1158, '225', '40', '18', NULL),
(868, 1159, '225', '40', '18', NULL),
(869, 1160, '225', '40', '18', NULL),
(870, 1162, '205', '40', '18', NULL),
(871, 1167, '195', '55', '16', NULL),
(872, 1168, '195', '55', '16', NULL),
(873, 1169, '205', '45', '17', NULL),
(874, 1180, '205', '45', '17', NULL),
(875, 1172, '195', '55', '16', NULL),
(876, 1173, '195', '55', '16', NULL),
(877, 1174, '205', '45', '17', NULL),
(878, 1175, '205', '45', '17', NULL);

-- --------------------------------------------------------

--
-- Table structure for table `tbl_compare_price`
--

CREATE TABLE `tbl_compare_price` (
  `id` int(11) NOT NULL,
  `price` varchar(11) NOT NULL,
  `date_time` timestamp NOT NULL DEFAULT CURRENT_TIMESTAMP,
  `status` int(11) NOT NULL
) ENGINE=InnoDB DEFAULT CHARSET=latin1;

--
-- Dumping data for table `tbl_compare_price`
--

INSERT INTO `tbl_compare_price` (`id`, `price`, `date_time`, `status`) VALUES
(1, '10', '2019-02-13 13:21:24', 0);

-- --------------------------------------------------------

--
-- Table structure for table `tbl_jobs`
--

CREATE TABLE `tbl_jobs` (
  `id` int(11) NOT NULL,
  `title` varchar(360) NOT NULL,
  `description` text NOT NULL,
  `date_time` timestamp NOT NULL DEFAULT CURRENT_TIMESTAMP,
  `status` int(11) DEFAULT NULL
) ENGINE=InnoDB DEFAULT CHARSET=latin1;

--
-- Dumping data for table `tbl_jobs`
--

INSERT INTO `tbl_jobs` (`id`, `title`, `description`, `date_time`, `status`) VALUES
(1, 'Sales Representative ', 'Lorem ipsum dolor sit amet, consectetur adipisicing elit, sed do eiusmod\ntempor incididunt ut labore et dolore magna aliqua. Ut enim ad minim veniam,\nquis nostrud exercitation ullamco laboris nisi ut aliquip ex ea commodo\nconsequat. Duis aute irure dolor in reprehenderit in voluptate velit esse\ncillum dolore eu fugiat nulla pariatur. Excepteur sint occaecat cupidatat non\nproident, sunt in culpa qui officia deserunt mollit anim id est laborum.', '2019-02-22 10:32:51', 0),
(6, 'Testing job', 'dkjfslaidfh laihlkas ghf', '2019-04-19 13:58:46', NULL);

-- --------------------------------------------------------

--
-- Table structure for table `tbl_lists`
--

CREATE TABLE `tbl_lists` (
  `id` int(11) NOT NULL,
  `email` varchar(360) NOT NULL,
  `list_title` varchar(255) NOT NULL,
  `date_time` timestamp NOT NULL DEFAULT CURRENT_TIMESTAMP
) ENGINE=InnoDB DEFAULT CHARSET=latin1;

--
-- Dumping data for table `tbl_lists`
--

INSERT INTO `tbl_lists` (`id`, `email`, `list_title`, `date_time`) VALUES
(1, 'khurram@esspk.com', 'List 1', '2019-03-29 14:00:31');

-- --------------------------------------------------------

--
-- Table structure for table `tbl_list_order`
--

CREATE TABLE `tbl_list_order` (
  `id` int(11) NOT NULL,
  `list_id` int(11) NOT NULL,
  `catalog` varchar(255) NOT NULL,
  `qty` varchar(120) NOT NULL,
  `price` varchar(360) NOT NULL,
  `date_time` timestamp NOT NULL DEFAULT CURRENT_TIMESTAMP
) ENGINE=InnoDB DEFAULT CHARSET=latin1;

-- --------------------------------------------------------

--
-- Table structure for table `tbl_make`
--

CREATE TABLE `tbl_make` (
  `id` int(11) NOT NULL,
  `make` varchar(360) NOT NULL,
  `year_id` int(11) NOT NULL
) ENGINE=InnoDB DEFAULT CHARSET=latin1;

--
-- Dumping data for table `tbl_make`
--

INSERT INTO `tbl_make` (`id`, `make`, `year_id`) VALUES
(1, 'Acura', 1),
(2, 'American Motors', 0),
(3, 'Avanti', 0),
(4, 'Aston Martin', 1),
(5, 'Audi', 1),
(6, 'BMW', 1),
(8, 'Bentley', 1),
(9, 'Buick', 1),
(10, 'Cadillac', 1),
(11, 'Chevrolet', 1),
(12, 'Chrysler', 1),
(13, 'DeLorean', 0),
(14, 'Dodge', 1),
(15, 'Ferrari', 0),
(17, 'Ford', 1),
(18, 'GMC', 1),
(19, 'Genesis', 1),
(20, 'Honda', 1),
(21, 'Hyundai', 1),
(22, 'Infiniti', 1),
(23, 'Isuzu', 0),
(24, 'Jaguar', 1),
(25, 'Jeep', 1),
(26, 'Kia', 1),
(27, 'Lamborghini', 1),
(28, 'Lotus', 0),
(29, 'Land Rover', 1),
(30, 'Lexus', 1),
(31, 'Lincoln', 1),
(32, 'Mazda', 1),
(33, 'Maserati', 0),
(34, 'Mercury', 0),
(35, 'McLaren', 1),
(36, 'Mercedes-Benz', 1),
(37, 'Mini', 1),
(38, 'Mitsubishi', 1),
(39, 'Nissan', 1),
(40, 'Oldsmobile', 0),
(41, 'Peugeot', 0),
(42, 'Plymouth', 0),
(43, 'Pontiac', 0),
(44, 'Porsche', 0),
(45, 'Ram', 1),
(46, 'Renault', 0),
(47, 'Rolls-Royce', 0),
(48, 'Saab', 0),
(49, 'Subaru', 1),
(50, 'Toyota', 1),
(51, 'Volkswagen', 1),
(52, 'Volvo', 1),
(54, 'Alfa Romeo', 1),
(55, 'Fiat', 1),
(57, 'Acura', 2),
(58, 'Alfa Romeo', 2),
(59, 'Aston Martin', 2),
(60, 'Audi', 2),
(61, 'BMW', 2),
(62, 'Bently', 2),
(63, 'Buick', 2),
(64, 'Cadillac', 2),
(65, 'Chevrolet', 2),
(66, 'Chrysler', 2),
(67, 'Dodge', 2),
(68, 'Ferrari', 2),
(69, 'Fiat', 2),
(70, 'Ford', 2),
(71, 'GMC', 2),
(72, 'Genesis', 2),
(73, 'Honda', 2),
(74, 'Hyundai', 2),
(75, 'Infiniti', 2),
(76, 'Jaguar', 2),
(77, 'Jeep', 2),
(78, 'Karma', 2),
(79, 'Kia', 2),
(80, 'Lamborghini', 2),
(81, 'Land Rover', 2),
(82, 'Lexus', 2),
(83, 'Lincoln', 2),
(84, 'Lotus', 2),
(85, 'Maserati', 2),
(86, 'Mazda', 2),
(87, 'McLaren', 2),
(88, 'Mercedes-Benz', 2),
(89, 'Mini', 2),
(90, 'Mitsubishi', 2),
(91, 'Nisssan', 2),
(92, 'Porsche', 2),
(93, 'Ram', 2),
(94, 'Rolls-Royce', 2),
(95, 'Smart', 2),
(96, 'Subaru', 2),
(97, 'Tesla', 2),
(98, 'Toyota', 2),
(99, 'Volkswagen', 2),
(100, 'Volvo', 2),
(101, 'Chevrolet', 2),
(102, 'BMW', 2),
(103, 'Ford', 2),
(104, 'Acura', 2);

-- --------------------------------------------------------

--
-- Table structure for table `tbl_model`
--

CREATE TABLE `tbl_model` (
  `id` int(11) NOT NULL,
  `make_id` int(11) NOT NULL,
  `model` varchar(360) NOT NULL
) ENGINE=InnoDB DEFAULT CHARSET=latin1;

--
-- Dumping data for table `tbl_model`
--

INSERT INTO `tbl_model` (`id`, `make_id`, `model`) VALUES
(1, 1, 'ILX'),
(2, 1, 'MDX'),
(3, 1, 'NSX'),
(4, 1, 'RDX'),
(5, 1, 'RLX'),
(6, 1, 'TLX'),
(7, 2, 'Concord'),
(8, 2, ' Eagle'),
(9, 2, 'Spirit'),
(10, 3, 'II'),
(11, 4, 'DB11'),
(12, 4, 'Vantage'),
(13, 5, 'A8 Quattro'),
(14, 5, 'Q7\r\n'),
(15, 5, 'Q8'),
(16, 5, 'RS5'),
(17, 100, '320i'),
(18, 100, '528e'),
(19, 100, '533i'),
(20, 100, '633CSi'),
(21, 100, '733i'),
(22, 8, 'Bentayga'),
(23, 8, 'Continental'),
(25, 8, 'Mulsanne'),
(26, 9, 'Cascada'),
(27, 9, 'Enclave'),
(28, 9, 'Envision'),
(29, 9, 'LaCrosse'),
(30, 9, 'Regal Sportback'),
(31, 9, 'Regal TourX'),
(32, 10, 'ATS'),
(33, 10, 'CTS'),
(34, 10, 'Escalade'),
(35, 10, 'Escalade ESV'),
(36, 10, 'XT4'),
(37, 10, 'XT5'),
(38, 10, 'XTS'),
(39, 11, 'Bolt EV'),
(40, 11, 'Camaro'),
(41, 11, 'Colorado'),
(42, 11, 'Corvette'),
(43, 11, 'Cruze'),
(44, 11, 'Equinox'),
(45, 11, 'Express 2500'),
(46, 11, 'Express 3500'),
(47, 11, 'Impala'),
(48, 11, 'Malibu'),
(49, 11, 'Sonic'),
(50, 11, 'Spark'),
(51, 11, 'Suburban'),
(52, 11, 'Tahoe'),
(53, 11, 'Traverse'),
(54, 11, 'Trax'),
(55, 11, 'Volt'),
(56, 12, '300'),
(57, 12, 'Pacifica'),
(58, 13, 'DMC 12'),
(65, 14, 'Challenger'),
(66, 14, 'Charger'),
(67, 14, 'Durango\r\n'),
(68, 14, 'Grand Caravan'),
(69, 14, 'Journey'),
(81, 15, '308 GTB'),
(82, 15, '308 GTS'),
(83, 15, 'Mondial'),
(84, 17, 'EcoSport'),
(85, 17, 'Edge'),
(86, 17, 'Escape'),
(87, 17, 'Explorer'),
(88, 17, 'Fiesta'),
(89, 17, 'Flex'),
(90, 17, 'Fusion'),
(91, 17, 'GT'),
(92, 17, 'Mustang'),
(93, 17, 'Taurus'),
(100, 17, 'Transit Connect'),
(102, 100, 'C1500'),
(103, 100, 'C1500 Suburban'),
(104, 100, 'C2500'),
(105, 100, 'C2500 Suburban'),
(106, 100, 'C3500'),
(107, 1000, 'Caballero'),
(108, 100, 'G1500'),
(109, 100, 'G2500'),
(110, 100, 'G3500'),
(111, 100, 'Jimmy'),
(112, 100, 'K1500'),
(113, 100, 'K1500 Suburban'),
(114, 100, 'K3500'),
(115, 100, 'S15'),
(116, 100, 'S15 Jimmy'),
(117, 19, 'G70'),
(118, 19, 'G80'),
(119, 20, 'Accord'),
(120, 20, 'CR-V'),
(121, 20, 'Civic'),
(122, 20, 'Insight'),
(123, 20, 'Fit'),
(124, 20, 'HR-V'),
(125, 20, 'Odyssey'),
(126, 20, 'Pilot'),
(127, 20, 'Ridgeline'),
(128, 21, 'Accent'),
(129, 21, 'Elantra'),
(130, 21, 'Elantra GT'),
(131, 21, 'Ioniq'),
(132, 21, 'Kona'),
(133, 21, 'Santa Fe'),
(134, 21, 'Santa Fe Sport'),
(135, 21, 'Santa Fe XL'),
(136, 21, 'Sonata'),
(137, 21, 'Tucson'),
(138, 22, 'Q50'),
(139, 22, 'Q60'),
(140, 22, 'Q70'),
(141, 22, 'Q70L'),
(142, 22, 'QX30'),
(143, 22, 'QX60'),
(144, 22, 'QX80'),
(145, 23, 'I-Mark'),
(146, 23, 'Impulse'),
(147, 23, 'Pickup'),
(148, 24, 'E-Pace'),
(149, 24, 'F-Pace'),
(150, 24, 'F-Type'),
(151, 25, 'Compass'),
(152, 25, 'Grand Cherokee'),
(153, 25, 'Cherokee'),
(154, 25, 'Renegade'),
(155, 25, 'Wrangler'),
(159, 26, 'Cadenza'),
(160, 26, 'Forte'),
(161, 26, 'K900'),
(162, 26, 'Niro'),
(163, 26, 'Optima'),
(164, 26, 'Rio'),
(165, 26, 'Sedona'),
(166, 26, 'Sorento'),
(167, 26, 'Soul'),
(168, 26, 'Soul EV'),
(169, 26, 'Sportage'),
(170, 27, 'Huracan'),
(171, 28, 'Esprit'),
(172, 29, 'Range Rover'),
(173, 29, 'Range Rover Evoque'),
(174, 29, 'Range Rover Sport'),
(175, 30, 'ES300h'),
(176, 30, 'ES350'),
(177, 30, 'GS F'),
(178, 30, 'GS300'),
(179, 30, 'GS350'),
(180, 30, 'GX460'),
(181, 30, 'IS300'),
(182, 30, 'IS350'),
(183, 30, 'LC500'),
(184, 30, 'LC500h'),
(185, 30, 'LS500'),
(186, 30, 'LS500h'),
(187, 30, 'LX570'),
(188, 30, 'NX300'),
(189, 30, 'NX300h'),
(190, 30, 'RC F'),
(191, 30, 'RX350'),
(192, 30, 'RX350L'),
(193, 30, 'RX450h'),
(194, 30, 'RX450hl'),
(195, 31, 'Continental'),
(196, 31, 'MKC'),
(197, 31, 'MKT'),
(198, 31, 'MKZ'),
(199, 31, 'Nautilus'),
(200, 31, 'Navigator'),
(201, 32, 'CX-3'),
(202, 32, 'CX-9'),
(203, 32, 'MX-5 Miata'),
(204, 33, 'Biturbo'),
(205, 33, 'Quattroporte'),
(206, 34, 'Capri'),
(207, 34, 'Cougar'),
(208, 34, 'Grand Marquis'),
(209, 34, 'LN7'),
(210, 34, 'Lynx'),
(211, 34, 'Marquis'),
(212, 34, 'Zephyr'),
(213, 35, '570GT'),
(214, 35, '570S'),
(215, 35, '600LT'),
(216, 35, '720S'),
(217, 36, 'C63 AMG S'),
(218, 36, 'GLC300'),
(219, 37, 'Cooper'),
(220, 37, 'Cooper Clubman'),
(221, 37, 'Cooper Countryman'),
(222, 38, 'Eclipse Cross'),
(223, 38, 'Mirage'),
(224, 38, 'Mirage G4'),
(225, 38, 'Outlander'),
(226, 38, 'Outlander Sport'),
(227, 38, 'RVR'),
(228, 39, '370Z'),
(229, 39, 'Altima'),
(230, 39, 'Armada'),
(231, 39, 'Frontier'),
(232, 39, 'GT-R'),
(233, 39, 'Kicks'),
(234, 39, 'Leaf'),
(235, 39, 'NV200'),
(236, 39, 'Pathfinder'),
(237, 39, 'Rogue'),
(238, 39, 'Sentra'),
(239, 39, 'Titan'),
(240, 39, 'Titan XD'),
(241, 39, 'Versa'),
(242, 39, 'Versa Note'),
(243, 40, '98'),
(244, 40, 'Custom Cruiser'),
(245, 40, 'Cutlass Calais'),
(246, 40, 'Cutlass Ciera'),
(247, 40, 'Cutlass Cruiser'),
(248, 40, 'Cutlass Supreme'),
(249, 40, 'Delta 88'),
(250, 40, 'Firenza'),
(251, 40, 'Omega'),
(252, 40, 'Toronado'),
(253, 41, '504'),
(254, 41, '505'),
(255, 41, '604'),
(256, 42, 'Colt'),
(257, 42, 'Gran Fury '),
(258, 42, 'Horizon'),
(259, 42, 'PB150'),
(260, 42, 'PB250'),
(261, 42, 'PB350'),
(262, 42, 'Reliant'),
(263, 42, 'Sapporo'),
(264, 42, 'Scamp'),
(265, 42, 'Turismo'),
(266, 42, 'Turismo 2.2'),
(267, 43, '6000'),
(268, 43, 'Bonneville'),
(269, 43, 'Firebird'),
(270, 43, 'Grand Prix'),
(271, 43, 'J2000'),
(272, 43, 'Parisienne'),
(273, 43, 'Phoenix'),
(274, 43, 'T1000'),
(275, 44, '911'),
(276, 44, '928'),
(277, 44, '944'),
(278, 45, 'ProMaster 1500'),
(279, 45, 'ProMaster 2500'),
(280, 45, 'ProMaster 3500'),
(281, 45, 'ProMaster City'),
(282, 46, 'Alliance'),
(283, 46, 'Fuego'),
(284, 46, 'LeCar'),
(285, 46, 'R18i'),
(286, 47, 'Camargue'),
(287, 47, 'Corniche'),
(288, 47, 'Silver Spirit'),
(289, 47, 'Silver Spur'),
(290, 48, '900'),
(291, 100, 'Brat'),
(292, 100, 'DL'),
(293, 100, 'GL'),
(294, 50, '4Runner'),
(295, 50, '86'),
(296, 50, 'Corolla'),
(297, 50, 'Avalon'),
(298, 50, 'C-HR'),
(299, 50, 'Camry'),
(300, 50, 'Highlander'),
(301, 50, 'Land Crusiser'),
(302, 51, 'Jetta '),
(303, 51, 'Atlas'),
(304, 51, 'Beetle'),
(305, 51, 'GTI'),
(306, 51, 'Golf Alltrack'),
(307, 51, 'Golf R'),
(308, 51, 'Golf SportWagen'),
(309, 52, '242'),
(310, 52, '244'),
(311, 52, '245'),
(312, 52, '760'),
(313, 54, '4C'),
(314, 54, 'Giulia'),
(315, 54, 'Stelvio'),
(316, 6, '230i'),
(317, 6, '230i xDrive'),
(318, 6, '430i'),
(319, 6, '430i Gran Coupe'),
(320, 6, '430i xDrive'),
(321, 6, '430i xDrive Gran Coupe'),
(322, 6, '440i'),
(323, 6, '440i Gran Coupe'),
(324, 6, '440i xDrive'),
(325, 6, '440i xDrive Gran Coupe'),
(326, 6, '650i Gran Coupe'),
(327, 6, '740i'),
(328, 6, '740i xDrive'),
(329, 6, 'Alpina B7'),
(330, 6, 'M850i xDrive'),
(331, 6, 'X3'),
(332, 6, 'X4'),
(333, 6, 'X5'),
(334, 6, 'i8'),
(335, 55, '124 Spider'),
(336, 55, '%00L'),
(337, 18, 'Acadia'),
(338, 18, 'Terrain'),
(339, 21, 'Veloster'),
(340, 21, 'Veloster N'),
(341, 21, 'Kona Electric'),
(342, 21, 'Nexo\r\n'),
(344, 24, 'I-Pace'),
(345, 24, 'XE'),
(346, 24, 'XF'),
(347, 24, 'XJ'),
(348, 24, 'XJR575'),
(350, 49, 'Ascent'),
(352, 49, 'BRZ'),
(353, 49, 'Crosstrek'),
(354, 49, 'Forester'),
(355, 49, 'Impreza'),
(356, 49, 'Legacy'),
(357, 49, 'Outback'),
(358, 49, 'WRX'),
(359, 49, 'WRX STI'),
(360, 50, 'Mirai'),
(361, 50, 'Prius C'),
(362, 50, 'RAV4'),
(363, 50, 'Sequoia'),
(364, 50, 'Sienna'),
(365, 50, 'Tacoma'),
(366, 50, 'Tundra'),
(367, 50, 'Yaris'),
(368, 51, 'Tiguan\r\n\r\n'),
(369, 57, 'ILX'),
(370, 57, 'MDX'),
(371, 57, 'NSX'),
(372, 57, 'RDX'),
(373, 57, 'RLX'),
(374, 57, 'TLX'),
(375, 58, '4C'),
(376, 58, 'Giulia'),
(377, 58, 'Stelvio'),
(378, 59, 'DB11'),
(379, 59, 'Vanquish'),
(380, 60, 'A3'),
(381, 60, 'A3 Quattro'),
(382, 60, 'A3 Sportback e-tron'),
(383, 60, 'A4'),
(384, 60, 'A4 Quattro'),
(385, 60, 'A4 allroad'),
(386, 60, 'A5 Quattro'),
(387, 60, 'A5 Sportback'),
(388, 60, 'A6'),
(389, 60, 'A6 Quattro'),
(390, 60, 'A7 Quattro'),
(391, 60, 'A8 Quattro'),
(392, 60, 'Q3'),
(393, 60, 'Q3 Quattro'),
(394, 60, 'Q5'),
(395, 60, 'Q7'),
(396, 60, 'R8'),
(397, 60, 'RS3'),
(398, 60, 'RS5'),
(399, 60, 'RS7'),
(400, 60, 'S3'),
(401, 60, 'S4'),
(402, 60, 'S5'),
(403, 60, 'S5 Sportback'),
(404, 60, 'S6'),
(405, 60, 'S7'),
(406, 60, 'S8'),
(407, 60, 'SQ5'),
(408, 60, 'TT Quatttro'),
(409, 61, '230i'),
(410, 61, '230i xDrive'),
(411, 61, '320i'),
(412, 61, '320i xDrive'),
(413, 61, '328d'),
(414, 61, '328d xDrive'),
(415, 61, '330e'),
(416, 61, '330i'),
(417, 61, '330i GT xDrive'),
(418, 61, '330i xDrive'),
(419, 61, '340i'),
(420, 61, '340i GT xDrive'),
(421, 61, '340i xDrive'),
(422, 61, '430i'),
(423, 61, '430i Gran Coupe'),
(424, 61, '430i xDrive'),
(425, 61, '430i xDrive Gran Coupe'),
(426, 61, '440i');

-- --------------------------------------------------------

--
-- Table structure for table `tbl_order`
--

CREATE TABLE `tbl_order` (
  `id` int(11) NOT NULL,
  `user_email` varchar(255) NOT NULL,
  `name` varchar(255) NOT NULL,
  `po_no` varchar(120) NOT NULL,
  `bill_amount` varchar(120) NOT NULL,
  `comments` text NOT NULL,
  `date_time` timestamp NOT NULL DEFAULT CURRENT_TIMESTAMP
) ENGINE=InnoDB DEFAULT CHARSET=latin1;

--
-- Dumping data for table `tbl_order`
--

INSERT INTO `tbl_order` (`id`, `user_email`, `name`, `po_no`, `bill_amount`, `comments`, `date_time`) VALUES
(1, 'khurram@esspk.com', '', '&PONumber=1234', '150', '&Comment= only for test', '2019-03-28 13:43:26'),
(2, 'khurram@esspk.com', '', '12345', '105', 'Only for testing order ', '2019-03-28 13:49:44'),
(3, 'khurram@esspk.com', '', 'test', '80', 'test ', '2019-03-28 13:54:33'),
(4, 'khurram@esspk.com', '', '', '80', ' ', '2019-03-28 13:55:37'),
(5, 'khurram@esspk.com', '', '1234', '106', ' test', '2019-03-28 13:56:45'),
(6, 'khurram@esspk.com', '', '123', '80', 'test ', '2019-03-28 13:57:23');

-- --------------------------------------------------------

--
-- Table structure for table `tbl_order_detail`
--

CREATE TABLE `tbl_order_detail` (
  `id` int(11) NOT NULL,
  `order_id` int(11) NOT NULL,
  `catalog` varchar(255) NOT NULL,
  `qty` int(11) NOT NULL,
  `single_price` varchar(120) NOT NULL,
  `total_qty_price` varchar(120) NOT NULL
) ENGINE=InnoDB DEFAULT CHARSET=latin1;

--
-- Dumping data for table `tbl_order_detail`
--

INSERT INTO `tbl_order_detail` (`id`, `order_id`, `catalog`, `qty`, `single_price`, `total_qty_price`) VALUES
(1, 1, '205/55ZR16 FEDERAL[AA]', 2, '45', '90'),
(2, 1, '205/55R16 YOKOHAMA', 1, '60', '60'),
(3, 2, '205/55R16 AMERICAN TOURER', 2, '35', '70'),
(4, 2, '205/55R16 D8000', 1, '35', '35'),
(5, 3, '175/65R14 DURATURN', 2, '27', '54'),
(6, 3, '175/65R14 AMERICAN TOURER', 1, '26', '26'),
(7, 4, '175/65R14 DURATURN', 2, '27', '54'),
(8, 4, '175/65R14 AMERICAN TOURER', 1, '26', '26'),
(9, 5, '175/65R14 DURATURN', 2, '27', '54'),
(10, 5, '175/65R14 AMERICAN TOURER', 1, '26', '52'),
(11, 6, '175/65R14 DURATURN', 2, '27', '54'),
(12, 6, '175/65R14 AMERICAN TOURER', 1, '26', '26'),
(13, 0, '225/40R18 ACHILLES', 1, '55', '55'),
(14, 0, '235/40ZR18 ACHILLES', 2, '59', '118'),
(15, 0, '155/80R13 ONYX', 1, '25', '25'),
(16, 0, 'WINTER2/17X7[AG]', 5, '78', '390'),
(17, 0, 'WINTER2/17X7[AG]', 5, '78', '390'),
(18, 0, 'NS9012/17X7[AB]', 3, '85', '255'),
(19, 0, 'NS1604/16X7[AA]', 2, '79', '158'),
(20, 0, '205/55ZR16 FEDERAL[AA]', 10, '45', '450'),
(21, 0, '175/65R14 RYDANZ', 2, '26', '52'),
(22, 0, '185/70R13 RYDANZ', 2, '28', '56'),
(23, 0, '205/55R16 D8000', 1, '35', '35'),
(24, 0, '205/55R16 MOMO', 2, '40', '80'),
(25, 0, '175/65R14 AMERICAN TOURER', 2, '26', '52'),
(26, 0, '155/80R13 ONYX', 4, '25', '100'),
(27, 0, '175/65R14 RYDANZ', 2, '26', '52'),
(28, 0, '185/60R14 AMERICAN TOURER', 4, '26', '104'),
(29, 0, '215/70R15 GOODYEAR', 4, '55', '220'),
(30, 0, '11496-16BLK', 10, '2.5', '25'),
(31, 0, '185/65R15 AMERICAN TOURER', 4, '30', '120'),
(32, 0, '265/70R17 FARROAD', 4, '70', '280'),
(33, 0, '215/45ZR17 NEUTON[AA]', 4, '36', '144'),
(34, 0, 'ST225/75R15 CARGOMAX', 1, '40', '40'),
(35, 0, '265/70R17 AMERICAN TOURER[AC]', 2, '90', '180'),
(36, 0, 'FORCE-IV490022/20X12', 4, '170', '680'),
(37, 0, '1309-1S', 50, '0.26', '13'),
(38, 0, '245/45R20 FARROAD', 1, '69', '69'),
(39, 0, '5135/500-5450-B', 4, '30', '120'),
(40, 0, '285/70R17 AMERICAN TOURER[AB]', 4, '87', '348'),
(41, 0, '235/70R16 ATTURO[AA]', 4, '62', '248'),
(42, 0, '235/70R16 ATTURO[AA]', 4, '62', '248'),
(43, 0, '285/70R17 AMERICAN TOURER[AB]', 4, '87', '348'),
(44, 0, '275/45R22 ANTARES', 4, '87', '348'),
(45, 0, '225/65R16 AMERICAN TOURER', 5, '47', '235'),
(46, 0, '235/65R17 AMERICAN TOURER[AA]', 4, '64', '256'),
(47, 0, '205/40R17 NEUTON', 4, '32', '128'),
(48, 0, '245/75R16 ANTARES[AA]', 4, '70', '280'),
(49, 0, 'TR413 TPMS2', 50, '0.88', '44'),
(50, 0, '245/35R20 AMERICAN TOURER', 2, '55', '110'),
(51, 0, '245/70R17 ANTARES', 2, '82', '164'),
(52, 0, '205/65R15 MOMO', 2, '41', '82'),
(53, 0, '245/45R18 ZEETEX', 2, '54', '108'),
(54, 0, '33/12.50R20 RED DIRT ROAD', 4, '127', '508'),
(55, 0, '205/70R15 RYDANZ', 1, '39', '39'),
(56, 0, '225/75R16 AMERICAN TOURER[AB]', 1, '75', '75'),
(57, 0, '265/35R22 ZEETEX', 1, '71', '71'),
(58, 0, '33/12.50R20 RED DIRT ROAD', 4, '127', '508'),
(59, 0, '265/35R22 ZEETEX', 1, '71', '71'),
(60, 0, '305/45R22 ANTARES', 2, '90', '180'),
(61, 0, 'TR413 TPMS3', 4, '0.88', '3.52'),
(62, 0, 'KX81501C', 1, '10', '10'),
(63, 0, '235/80R17 AMERICAN TOURER[AA]', 2, '86', '172'),
(64, 0, 'ST205/75R14 SUPERMAX', 2, '31', '62'),
(65, 0, '265/75R16 AMERICAN TOURER', 4, '79', '316'),
(66, 0, '195/50R15 NEUTON', 1, '31', '31'),
(67, 0, '235/70R16 ATTURO', 2, '64', '128'),
(68, 0, '245/30R24 HAIDA', 4, '69', '276'),
(69, 0, 'WS-103', 4, '3', '12'),
(70, 0, '285/60R18 RYDANZ', 4, '88', '352'),
(71, 0, 'KX-81505-C', 2, '35', '70'),
(72, 0, '5654DN', 50, '0.6', '30'),
(73, 0, '11497-7', 3, '3', '9'),
(74, 0, '265/35R22 ZEETEX', 2, '71', '142'),
(75, 0, '215/50R17 ANTARES', 2, '45', '90'),
(76, 0, '265/70R17 AMERICAN TOURER', 1, '79', '79'),
(77, 0, '225/60R16 NEUTON NT8000', 4, '40', '160'),
(78, 0, '235/55R17 GT RADIAL', 4, '57', '228'),
(79, 0, '195/60R15 GROUNDSPEED', 1, '29', '29'),
(80, 0, 'KX81501C', 1, '10', '10');

-- --------------------------------------------------------

--
-- Table structure for table `tbl_parts`
--

CREATE TABLE `tbl_parts` (
  `id` int(11) NOT NULL,
  `part` varchar(360) NOT NULL,
  `description` text NOT NULL,
  `status` varchar(120) NOT NULL,
  `date_time` timestamp NOT NULL DEFAULT CURRENT_TIMESTAMP
) ENGINE=InnoDB DEFAULT CHARSET=latin1;

--
-- Dumping data for table `tbl_parts`
--

INSERT INTO `tbl_parts` (`id`, `part`, `description`, `status`, `date_time`) VALUES
(1, 'VALVE EXTENSION', '', '', '2019-04-02 09:22:37'),
(2, 'LUG', '', '', '2019-04-02 09:22:37'),
(3, 'LOCK', '', '', '2019-04-02 09:22:37'),
(4, 'PATCH', '', '', '2019-04-02 09:22:37'),
(5, 'TOOLS', '', '', '2019-04-02 09:22:37'),
(6, 'FLIP SOCKET', '', '', '2019-04-02 09:22:37'),
(7, 'SPACER', '', '', '2019-04-02 09:22:37'),
(8, 'STRING', '', '', '2019-04-02 09:22:37'),
(9, 'BILLET ADAPTER', '', '', '2019-04-02 09:22:37'),
(10, 'SPACER', '', '', '2019-04-02 09:22:37'),
(11, 'BILLET ADAPTER', '', '', '2019-04-02 09:24:38'),
(12, 'KEY', '', '', '2019-04-02 09:24:38'),
(13, 'VALVE', '', '', '2019-04-02 09:24:38'),
(14, 'VALVE CORES', '', '', '2019-04-02 09:24:38'),
(15, 'CHEMICALS', '', '', '2019-04-02 09:24:38');

-- --------------------------------------------------------

--
-- Table structure for table `tbl_promotions`
--

CREATE TABLE `tbl_promotions` (
  `id` int(11) NOT NULL,
  `title` varchar(360) NOT NULL,
  `description` text NOT NULL,
  `date_time` timestamp NOT NULL DEFAULT CURRENT_TIMESTAMP,
  `status` int(11) NOT NULL,
  `image` text NOT NULL,
  `size` varchar(360) DEFAULT NULL
) ENGINE=InnoDB DEFAULT CHARSET=latin1;

--
-- Dumping data for table `tbl_promotions`
--

INSERT INTO `tbl_promotions` (`id`, `title`, `description`, `date_time`, `status`, `image`, `size`) VALUES
(1, 'DAILY PROMOTIONS', 'Lorem ipsum dolor sit amet, consectetur adipisicing elit, sed do eiusmod\ntempor incididunt ut labore et dolore magna aliqua. Ut enim ad minim veniam,\nquis nostrud exercitation ullamco laboris nisi ut aliquip ex ea commodo\nconsequat. Duis aute irure dolor in reprehenderit in voluptate velit esse\ncillum dolore eu fugiat nulla pariatur. Excepteur sint occaecat cupidatat non\nproident, sunt in culpa qui officia deserunt mollit anim id est laborum.', '2019-02-22 10:23:44', 0, '../shop/images/2.png', '2055516'),
(2, 'WEEKLY  PROMOTIONS', 'Lorem ipsum dolor sit amet, consectetur adipisicing elit, sed do eiusmod\ntempor incididunt ut labore et dolore magna aliqua. Ut enim ad minim veniam,\nquis nostrud exercitation ullamco laboris nisi ut aliquip ex ea commodo\nconsequat. Duis aute irure dolor in reprehenderit in voluptate velit esse\ncillum dolore eu fugiat nulla pariatur. Excepteur sint occaecat cupidatat non\nproident, sunt in culpa qui officia deserunt mollit anim id est laborum.', '2019-02-22 10:24:38', 0, '../shop/images/1-1.png', '1756514'),
(3, 'MONTHLY PROMOTIONS', 'Lorem ipsum dolor sit amet, consectetur adipisicing elit, sed do eiusmod\ntempor incididunt ut labore et dolore magna aliqua. Ut enim ad minim veniam,\nquis nostrud exercitation ullamco laboris nisi ut aliquip ex ea commodo\nconsequat. Duis aute irure dolor in reprehenderit in voluptate velit esse\ncillum dolore eu fugiat nulla pariatur. Excepteur sint occaecat cupidatat non\nproident, sunt in culpa qui officia deserunt mollit anim id est laborum.', '2019-02-22 10:25:36', 0, '../shop/images/3.png', '2055516');

-- --------------------------------------------------------

--
-- Table structure for table `tbl_promotion_catalogs`
--

CREATE TABLE `tbl_promotion_catalogs` (
  `id` int(11) NOT NULL,
  `promotion_id` int(11) NOT NULL,
  `catalog` text NOT NULL,
  `status` int(11) NOT NULL,
  `date_time` timestamp NULL DEFAULT CURRENT_TIMESTAMP
) ENGINE=InnoDB DEFAULT CHARSET=latin1 ROW_FORMAT=COMPACT;

--
-- Dumping data for table `tbl_promotion_catalogs`
--

INSERT INTO `tbl_promotion_catalogs` (`id`, `promotion_id`, `catalog`, `status`, `date_time`) VALUES
(7, 3, '205/55R16 YOKOHAMA', 1, '2019-04-17 12:34:13'),
(21, 3, '205/55R16 NEUTON', 1, '2019-04-19 14:40:03'),
(22, 3, '205/55R16 ANTARES', 1, '2019-04-19 14:40:03'),
(23, 1, '205/55R16 COMFORSER', 1, '2019-04-20 20:04:58'),
(24, 1, '205/55R16 DURATURN', 1, '2019-04-20 20:04:58'),
(25, 1, '205/55ZR16 FEDERAL[AA]', 1, '2019-04-20 20:04:58'),
(26, 1, '205/55R16 GOODYEAR', 1, '2019-04-20 20:04:58'),
(27, 1, '205/55R16 GRENLANDER', 1, '2019-04-20 20:04:58');

-- --------------------------------------------------------

--
-- Table structure for table `tbl_promotion_catalogs_temp`
--

CREATE TABLE `tbl_promotion_catalogs_temp` (
  `id` int(11) NOT NULL,
  `promotion_id` int(11) NOT NULL,
  `catalog` text NOT NULL,
  `status` int(11) NOT NULL,
  `date_time` timestamp NULL DEFAULT CURRENT_TIMESTAMP
) ENGINE=InnoDB DEFAULT CHARSET=latin1;

-- --------------------------------------------------------

--
-- Table structure for table `tbl_trim`
--

CREATE TABLE `tbl_trim` (
  `id` int(11) NOT NULL,
  `model_id` int(11) NOT NULL,
  `trim` varchar(360) NOT NULL
) ENGINE=InnoDB DEFAULT CHARSET=latin1;

--
-- Dumping data for table `tbl_trim`
--

INSERT INTO `tbl_trim` (`id`, `model_id`, `trim`) VALUES
(1, 1, 'Base'),
(2, 1, 'w/A-Spec Pk'),
(3, 2, 'Base'),
(4, 2, 'Base(Alt Size 1)'),
(5, 2, 'SH-AWD'),
(6, 2, 'SH-AWD(Alt Size 1)'),
(7, 2, 'SH-AWD(Alt Size 2)'),
(8, 2, 'SH-AWD A-Sp'),
(9, 2, 'SportHybird'),
(10, 3, 'Base'),
(11, 4, 'A-Spec A-Sp'),
(12, 4, 'A-Spec SH-A'),
(13, 4, 'Advance'),
(14, 4, 'Base'),
(15, 4, 'Elite'),
(16, 4, 'Platinum El'),
(17, 4, 'Tech'),
(18, 5, 'Base'),
(19, 5, 'Sport Hybrid'),
(20, 6, '2.4L'),
(21, 6, '3.5L'),
(22, 6, '3.5L(Alt Size 1)'),
(23, 6, '4 Cyl.'),
(24, 6, 'A-Spec'),
(25, 6, 'A-Spec SH-A'),
(26, 6, 'SH-AWD'),
(27, 6, 'SH-AWD(Alt Size 1)'),
(29, 6, 'SH-AWD 3.5L'),
(31, 7, 'Base'),
(32, 7, 'Base (Alt Size 1)'),
(33, 7, 'DL'),
(34, 7, 'DL (Alt Size 1)'),
(35, 7, 'Limited'),
(36, 7, 'Limited (Alt Size 1)'),
(38, 8, '2 Dr. 4 Cyl'),
(40, 8, '2 Dr. 6 Cyl'),
(41, 8, '4 Dr.'),
(42, 8, '4 Dr. (Alt Size 1)'),
(44, 8, 'DL SX4 4 Cy'),
(45, 8, 'DL SX4 6 Cy'),
(47, 8, 'Limited'),
(48, 8, 'Limited (Alt Size 1)'),
(50, 8, 'SX4 4 Cyl. '),
(51, 9, 'DL'),
(52, 9, 'DL(Alt Size 1)'),
(53, 9, 'GT'),
(54, 9, 'GT(Alt Size 1)'),
(56, 11, 'Base'),
(57, 14, 'S (Alt Size 1)\r\n'),
(58, 14, 'S Turbo'),
(59, 24, 'V8'),
(60, 24, 'V8 (Alt Size 1)'),
(61, 24, 'V8 S '),
(62, 24, 'W12'),
(63, 26, 'Base'),
(64, 26, 'Premium'),
(65, 26, 'Sport Touring'),
(66, 27, 'Avenir'),
(67, 27, 'Essence'),
(68, 27, 'Essence (Alt Size 1)'),
(69, 27, 'Premium'),
(70, 27, 'Premium (Alt Size 1)'),
(71, 28, 'Base'),
(72, 28, 'Essence'),
(73, 28, 'Preferred'),
(74, 28, 'Premium'),
(75, 29, 'Avenir'),
(76, 29, 'Avenir (Alt Size 1)'),
(77, 29, 'Base'),
(78, 29, 'Essence'),
(79, 29, 'Essence (Alt Size 1)'),
(80, 29, 'Preferred'),
(81, 29, 'Premium'),
(82, 29, 'Premium (Alt Size 1)'),
(83, 29, 'Sport Touring'),
(84, 30, 'Avenir'),
(85, 30, 'Base'),
(86, 30, 'Essence'),
(87, 30, 'GS'),
(88, 30, 'Preferred'),
(89, 30, 'Preferred (Alt Size 1)'),
(90, 30, 'Preferred (Alt Size 2)'),
(91, 31, 'Base'),
(92, 31, 'Essence'),
(93, 31, 'Preferred'),
(94, 32, 'Coupe'),
(95, 32, 'Luxury Coupe'),
(96, 32, 'Premium Luxury'),
(97, 32, 'Premium '),
(98, 32, 'V'),
(99, 33, 'Base'),
(100, 33, 'Luxury'),
(101, 33, 'Luxury (Alt Size 1)'),
(102, 33, 'Premium Lux'),
(104, 33, 'V'),
(105, 33, 'Vsport'),
(106, 33, 'Vsport Premium'),
(107, 34, 'Base'),
(108, 34, 'Luxury'),
(109, 34, 'Premium'),
(110, 34, 'Premium Luxury'),
(111, 35, 'Base'),
(112, 35, 'Luxury'),
(113, 35, 'Premium'),
(114, 35, 'Premium Luxury'),
(115, 36, 'Luxury'),
(116, 36, 'Luxury (Alt Size 1)\r\n'),
(118, 36, 'Premium Luxury'),
(119, 36, 'Sport'),
(120, 36, 'Sport (Alt Size 1)'),
(121, 37, 'Base'),
(122, 37, 'Luxury'),
(123, 37, 'Luxury (Alt Size 1)'),
(124, 37, 'Platinum'),
(125, 37, 'Premium Luxury'),
(126, 38, 'Base'),
(127, 38, 'Luxury'),
(128, 38, 'Platinum'),
(129, 38, 'Premium Luxury'),
(130, 38, 'Vsport Plat'),
(132, 39, 'LT'),
(133, 39, 'Premier'),
(134, 40, 'LS'),
(135, 40, 'LS (Alt Size 1)'),
(136, 40, 'LS 1LE Pkg.'),
(137, 40, 'LT'),
(138, 40, 'LT (Alt Size 1)'),
(139, 40, 'LT 1LE Pkg.'),
(140, 40, 'LT RS'),
(141, 40, 'SS'),
(142, 40, 'SS 1LE Pkg.'),
(143, 40, 'ZL1'),
(144, 40, 'ZL1 1LE Pkg'),
(145, 41, 'Base'),
(146, 41, 'LT'),
(147, 41, 'LT (Alt Size 1)'),
(148, 41, 'WT'),
(149, 41, 'WT (Alt Size 1)'),
(150, 41, 'WT (Alt Size 2)'),
(151, 41, 'Z71'),
(152, 41, 'ZR2'),
(153, 42, 'Grand Sport'),
(154, 42, 'Stingray'),
(155, 42, 'Z06'),
(156, 42, 'ZR1'),
(157, 43, 'L'),
(158, 43, 'LS'),
(159, 43, 'LT'),
(160, 43, 'LT Diesel'),
(162, 43, 'LT w/RS Pkg'),
(163, 43, 'Premier'),
(164, 43, 'Premier (Alt Size 1)'),
(165, 14, 'S(Alt Size 1)'),
(166, 14, 'S Turbo'),
(167, 16, 'Base'),
(170, 26, 'Premium'),
(171, 26, 'Sport Touring'),
(172, 27, 'Avenir'),
(173, 27, 'Essence'),
(174, 27, 'Essence(Alt Size 1)'),
(175, 27, 'Premium'),
(176, 27, 'Premium(Alt Size 1)'),
(177, 28, 'Avenir'),
(178, 28, 'Base'),
(179, 28, 'Essence'),
(180, 28, 'Preferred'),
(181, 29, 'Avenir'),
(182, 29, 'Avenir(Alt Size 1)'),
(183, 29, 'Base'),
(184, 29, 'Essence'),
(185, 29, 'Essence(Alt Size 1)'),
(186, 29, 'Preferred'),
(187, 29, 'Premium'),
(188, 29, 'Premium(Alt Size 1)'),
(189, 29, 'Sport Touring'),
(190, 30, 'Avenir'),
(191, 30, 'Base'),
(192, 30, 'Essence'),
(193, 30, 'GS'),
(194, 30, 'Preferred'),
(195, 30, 'Preferred(Alt Size 1)'),
(196, 30, 'Preferred II'),
(197, 31, 'Base'),
(198, 31, 'Essence'),
(199, 31, 'Preferred'),
(200, 32, 'Coupe'),
(201, 32, 'Luxury Coupe'),
(202, 32, 'Premium Luxury Coupe'),
(203, 32, 'Premium Performance Coupe'),
(204, 32, 'V'),
(205, 33, 'Base'),
(206, 33, 'Luxury '),
(207, 33, 'Luxury (Alt Size 1)'),
(208, 33, 'Premium Luxury '),
(209, 33, 'Premium Luxury (Alt Size 1)'),
(210, 33, 'V'),
(211, 33, 'Vsport'),
(212, 33, 'Vsport Premium Luxury'),
(213, 34, 'Base'),
(214, 34, 'Luxury '),
(215, 34, 'Platinum'),
(216, 34, 'Premium Luxury '),
(217, 35, 'Base'),
(218, 35, 'Luxury '),
(219, 35, 'Platinum'),
(220, 35, 'Premium Luxury '),
(221, 36, 'Luxury '),
(222, 36, 'Luxury (Alt Size 1)'),
(223, 36, 'Premium Luxury '),
(224, 36, 'Premium Luxury (Alt Size 1)'),
(225, 36, 'Sport'),
(226, 36, 'Sport(Alt Size 1)'),
(227, 37, 'Base'),
(228, 37, 'Luxury '),
(230, 37, 'Luxury (Alt Size 1)'),
(231, 37, 'Platinum'),
(232, 37, 'Premium Luxury '),
(233, 38, 'Base'),
(234, 38, 'Luxury '),
(235, 38, 'Platinum'),
(236, 38, 'Premium Luxury '),
(237, 38, 'Vsport Platinum'),
(238, 39, 'LT'),
(239, 39, 'Premier'),
(240, 40, 'LS'),
(241, 40, 'LS(Alt Size 1)'),
(242, 40, 'LS 1LE Pkg.'),
(243, 40, 'LT'),
(244, 40, 'LT(Alt Size 1)'),
(245, 40, 'LT 1LE Pkg.'),
(246, 40, 'LT RS'),
(247, 40, 'SS'),
(248, 40, 'SS 1LE Pkg'),
(249, 40, 'ZL1'),
(250, 40, 'ZL1 1LE Pkg.'),
(251, 41, 'Base'),
(252, 41, 'LT'),
(254, 41, 'LT(Alt Size 1)'),
(255, 41, 'WT'),
(256, 41, 'WT(Alt Size 1)'),
(257, 41, 'WT(Alt Size 2)'),
(258, 41, 'Z71'),
(259, 41, 'ZR2'),
(260, 42, 'Grand Sport'),
(261, 42, 'Stingray'),
(262, 42, 'Z06'),
(263, 42, 'ZR1'),
(264, 43, 'L'),
(265, 43, 'LS'),
(266, 43, 'LT'),
(267, 43, 'LT Diesel'),
(268, 43, 'LT w/RS Pkg.'),
(269, 43, 'LT w/RS Pkg. (Alt Size 1)'),
(270, 43, 'Premier'),
(271, 43, 'Premier (Alt Size 1)'),
(272, 44, 'L'),
(273, 44, 'LS'),
(274, 44, 'LS(Alt Size 1)'),
(275, 44, 'LT'),
(276, 44, 'LT(Alt Size 1)'),
(277, 44, 'LT(Alt Size 2)'),
(278, 44, 'Premier'),
(279, 44, 'Premium(Alt Size 1)'),
(280, 45, 'Base'),
(281, 45, 'LS'),
(282, 45, 'LT'),
(284, 46, 'Base'),
(287, 47, 'LS'),
(288, 47, 'LT'),
(289, 47, 'LT(Alt Size 1)'),
(290, 47, 'Premier'),
(291, 47, 'Premier (Alt Size 1)'),
(292, 48, 'Hybird'),
(296, 48, 'L'),
(297, 48, 'LS'),
(298, 48, 'LT'),
(300, 48, 'LT(Alt Size 1)'),
(301, 48, 'Luxury (Alt Size 2)'),
(302, 48, 'Premier'),
(303, 48, 'Premier (Alt Size 1)'),
(304, 48, 'RS'),
(305, 49, 'LS'),
(307, 49, 'LS(Alt Size 1)'),
(308, 49, 'LT Hatchback'),
(309, 49, 'LT Hatchback(Alt Size 1)'),
(310, 49, 'LT Sedan (Alt Size 1)'),
(311, 49, 'LT Sedan (Alt Size 2)'),
(313, 49, 'LT w/RS Pkg.'),
(314, 49, 'LT w/RS Pkg. (Alt Size 1)'),
(316, 49, 'Premier'),
(317, 50, 'ACTIV'),
(320, 51, 'LS'),
(323, 51, 'LS(Alt Size 2)'),
(324, 51, 'LT'),
(325, 51, 'LT(Alt Size 1)'),
(326, 51, 'LT(Alt Size 2)'),
(327, 51, 'Premier'),
(328, 51, 'Premier (Alt Size 1)'),
(329, 52, 'LS'),
(330, 52, 'LS(Alt Size 1)'),
(331, 52, 'LS(Alt Size 2)'),
(332, 52, 'LT'),
(333, 52, 'LT(Alt Size 1)'),
(334, 52, 'LT(Alt Size 2)'),
(335, 52, 'Premier'),
(336, 52, 'Premier(Alt Size 1)'),
(337, 53, 'High Country'),
(338, 53, 'L'),
(339, 53, 'LS'),
(340, 53, 'LS(Alt Size 1)'),
(341, 53, 'LT'),
(342, 53, 'LT(Alt Size 1)'),
(343, 53, 'Premier'),
(344, 53, 'RS'),
(345, 54, 'LT(Alt Size 1)'),
(346, 54, 'Premier'),
(347, 55, 'LT'),
(348, 55, 'Premier'),
(349, 56, 'C(RWD)'),
(350, 56, 'Limited(AWD)'),
(352, 56, 'Limited(RWD)'),
(353, 56, 'S(AWD)'),
(354, 56, 'S(RWD)(Alt Size 1)'),
(355, 56, 'Touring(AWD)'),
(356, 56, 'Touring(AWD)(Alt Size 1)'),
(357, 56, 'Touring(RWD)(Alt Size 2)'),
(358, 57, 'Hybird Limited'),
(360, 57, 'Hybird Limited(Alt Size 1)'),
(361, 57, 'Hybird Limited(Alt Size 2)'),
(362, 57, 'Hybird Touring L'),
(363, 57, 'Hybird Touring L(Alt Size 1)'),
(364, 57, 'Hybird Touring L(Alt Size 2)'),
(366, 57, 'L'),
(367, 57, 'L(Alt Size 1)'),
(368, 57, 'LX'),
(369, 57, 'Limited'),
(370, 57, 'LX(Alt Size 1)'),
(371, 57, 'Limited(Alt Size 1)'),
(372, 57, 'Touring'),
(373, 57, 'Touring(Alt Size 1)'),
(375, 57, 'Touring(Alt Size 2)'),
(376, 57, 'Touring(Alt Size 3)'),
(378, 60, 'Base'),
(379, 60, 'ES'),
(380, 61, 'Base'),
(381, 61, 'Base(Alt Size 1)'),
(382, 61, 'Base(Alt Size 2)'),
(383, 61, 'Custom'),
(384, 61, 'Custom(Alt Size 1)'),
(385, 61, 'Custom(Alt Size 2)'),
(386, 61, 'SE'),
(387, 61, 'SE(Alt Size 1)'),
(388, 61, 'SE(Alt Size 2)'),
(390, 62, '(GVWR 4700)'),
(391, 62, '(GVWR 4700) (Alt Size 1)'),
(392, 62, '(GVWR 4700) (Alt Size 2)'),
(393, 62, '(GVWR 5300)'),
(394, 62, '(GVWR 5300) (Alt Size 1)'),
(395, 62, '(GVWR 5300) (Alt Size 2)'),
(396, 62, '(GVWR 6010)'),
(398, 63, '(GVWR 6010) (Alt Size 1)'),
(399, 63, '(GVWR 6010) (Alt Size 2)'),
(400, 63, '(GVWR 6400)'),
(401, 63, '(GVWR 6400) (Alt Size 1)'),
(402, 63, '(GVWR 6400) (Alt Size 2)'),
(403, 63, 'Maxi'),
(404, 64, 'Base'),
(405, 64, 'HD'),
(406, 64, 'Maxi'),
(407, 64, 'Maxi HD'),
(408, 64, '(GVWR 6400) (Alt Size 2)'),
(409, 64, 'Maxi HD (GVWR 9000)'),
(410, 65, 'Base'),
(411, 65, 'Premium'),
(412, 66, '2.2'),
(413, 66, 'Base'),
(414, 66, 'Base(Alt Size 1)'),
(415, 66, 'Shelby'),
(416, 67, 'Base'),
(417, 67, 'Custom'),
(418, 67, 'Custom(Alt Size 1)'),
(419, 67, 'Custom LS'),
(420, 67, 'Custom LS w/aluminum wheels'),
(421, 67, 'Custom RS'),
(422, 67, 'Custom RS w/aluminum wheels'),
(423, 67, 'Custom w/aluminum wheels'),
(424, 67, 'Custom w/aluminum wheels (Alt Size 1)'),
(425, 67, 'Deluxe'),
(426, 67, 'Deluxe w/aluminum wheels'),
(427, 67, 'w/aluminum wheels'),
(428, 68, '(GVWR 4800)'),
(429, 68, '(GVWR 4800) (Alt Size 1)'),
(431, 68, '(GVWR 5850)'),
(432, 68, '(GVWR 4800) (Alt Size 2)'),
(433, 68, '(GVWR 5850) (Alt Size 1)'),
(434, 68, '(GVWR 5850) (Alt Size 2)'),
(435, 68, 'Miser'),
(436, 68, 'Miser (Alt Size 1)'),
(437, 69, '(GVWR 6400)'),
(438, 69, '(GVWR 6400) (Alt Size 1)'),
(439, 69, '(GVWR 6400) (Alt Size 2)'),
(440, 69, '(GVWR 7500)'),
(441, 69, '(GVWR 7500) (Alt Size 1)'),
(442, 70, '(DRW)'),
(443, 70, 'Base'),
(444, 71, 'Medallion'),
(445, 71, 'Medallion (Alt Size 1)'),
(446, 71, 'Salon'),
(447, 71, 'Salon (Alt Size 1)'),
(448, 74, ' Custom'),
(449, 74, 'Sport'),
(450, 75, 'Custom'),
(451, 75, 'Royal'),
(452, 75, 'Sport'),
(453, 76, 'AD150'),
(454, 76, 'AW150'),
(455, 76, 'AW150 (Alt Size 1)'),
(456, 76, 'AW150 Sno Commander'),
(457, 76, 'AW150 Sno Commander (Carrying Blade)'),
(458, 78, 'Base'),
(460, 78, 'Base(Alt Size 2)'),
(461, 78, 'Sno Commander'),
(462, 79, '(GVWR 6900)'),
(463, 79, '(GVWR 6900) (Alt Size 1)'),
(464, 79, '(GVWR 6900) (Alt Size 2)'),
(465, 79, '(GVWR 7500)'),
(466, 79, '(GVWR 7500) (Alt Size 1)'),
(467, 79, '(GVWR 7500) (Alt Size 2)'),
(468, 79, 'Sno Commander'),
(469, 80, 'Base'),
(471, 82, 'Quattrovalvole 4V'),
(472, 84, 'Custom (GVWR 5350) (Alt Size 1)'),
(473, 84, 'Custom (GVWR 5350) (Alt Size 2)'),
(474, 84, 'Custom (GVWR 6050)'),
(475, 84, 'Custom (GVWR 6050) (Alt Size 1)'),
(476, 84, 'Custom w/Snow Pkg.'),
(477, 84, 'XLS (GVWR 5350) (Alt Size 1)'),
(478, 84, 'XLS (GVWR 5350) (Alt Size 2)'),
(479, 84, 'XLS (GVWR 6050)'),
(480, 84, 'XLS (GVWR 6050) (Alt Size 1)'),
(481, 84, 'XLS (GVWR 6050) (Alt Size 1)'),
(482, 84, 'XLT Lariat (GVWR 5350) (Alt Size 1)'),
(483, 84, 'XLT Lariat (GVWR 5350) (Alt Size 2)'),
(484, 84, 'XLT Lariat (GVWR 6050)'),
(485, 84, 'XLT Lariat (GVWR 6050) (Alt Size 1)'),
(486, 84, 'XLT Lariat w/Snow Pkg.'),
(487, 85, 'Custom'),
(488, 85, 'Custom(Alt Size 1)'),
(489, 85, 'Custom(Alt Size 2)'),
(490, 85, 'XL (Alt Size 2)'),
(491, 86, 'Custom (GVWR 5950) (Alt Size 1)'),
(492, 86, 'Custom (GVWR 6350)'),
(493, 86, 'Custom Super Van'),
(494, 86, 'XL (GVWR 5950) (Alt Size 1)'),
(495, 86, 'XL (GVWR 5950) (Alt Size 1)'),
(496, 86, 'XL (GVWR 6350)'),
(497, 86, 'XL Super Van'),
(498, 87, 'Custom (GVWR 6050) (Alt Size 1)'),
(499, 87, 'Custom (GVWR 6500)'),
(500, 87, 'Custom (GVWR 6500)'),
(501, 87, 'XL'),
(503, 88, 'Custom (GVWR 6750)'),
(504, 88, 'Custom (GVWR 6750) (Alt Size 1)'),
(505, 88, 'Custom (GVWR 6750) (Alt Size 2)'),
(506, 88, 'Custom (GVWR 7500)'),
(507, 88, 'Custom (GVWR 7500) (Alt Size 1)'),
(508, 88, 'Custom Super Van'),
(509, 88, 'XL (GVWR 6750)'),
(510, 88, 'XL (GVWR 6750) (Alt Size 1)'),
(511, 88, 'XL (GVWR 6750) (Alt Size 2)'),
(512, 88, 'XL (GVWR 7500)'),
(513, 88, 'XL (GVWR 7500) (Alt Size 1)'),
(515, 88, 'XL Super Van'),
(516, 89, 'Custom (GVWR 8550)'),
(517, 89, 'Custom (GVWR 8550) (Alt Size 1)'),
(518, 89, 'Custom (GVWR 8800)'),
(519, 89, 'Custom (GVWR 8800) (Alt Size 1)'),
(520, 89, 'Custom Super Wagon (GVWR 8700)'),
(521, 89, 'Custom Super Wagon (GVWR 9000)'),
(522, 89, 'Custom Super Wagon (GVWR 9300)'),
(523, 89, 'XL (GVWR 8550)'),
(524, 89, 'XL (GVWR 8550) (Alt Size 1)'),
(525, 89, 'XL (GVWR 8800)'),
(526, 89, 'XL (GVWR 8800) (Alt Size 1)'),
(527, 89, 'XL Super Wagon (GVWR 8700)'),
(528, 89, 'XL Super Wagon (GVWR 9000)'),
(529, 89, 'XL Super Wagon (GVWR 9300)'),
(530, 90, 'Custom'),
(531, 90, 'Custom(Alt Size 1)'),
(532, 90, 'Custom Super Van'),
(533, 90, 'Custom Super Van (Alt Size 1)'),
(534, 90, 'XL'),
(535, 90, 'XL (Alt Size 1)'),
(536, 90, 'XL Super Van'),
(537, 90, 'XL Super Van(Alt Size 1)'),
(538, 91, 'Custom'),
(539, 91, 'Custom(Alt Size 1)'),
(540, 91, 'XL'),
(541, 91, 'XL(Alt Size 1)'),
(542, 93, 'Base(Alt Size 2)'),
(543, 94, '4x2 (GVWR 5250) (Alt Size 1)'),
(544, 94, '4x2 (GVWR 6100)'),
(545, 94, '4x4'),
(546, 94, '4x4 (Alt Size 1)'),
(547, 94, '4x4 (Alt Size 2)'),
(550, 94, 'XL 4x4'),
(551, 94, 'XL 4x4 (Alt Size 1)'),
(552, 94, 'XL 4x4 (Alt Size 2)'),
(553, 94, 'XLS 4x2 (GVWR 5250) (Alt Size 1)'),
(555, 94, 'XLS 4x4'),
(556, 94, 'XLS 4x4 (Alt Size 1)'),
(557, 94, 'XLS 4x4 (Alt Size 2)'),
(558, 94, 'XLT 4x2 (GVWR 5250)'),
(559, 94, 'XLT 4x2 (GVWR 5250) (Alt Size 1)'),
(560, 94, 'XLT 4x2 (GVWR 6100)'),
(561, 94, 'XLT 4x4 (Alt Size 1)'),
(562, 94, 'XLT 4x4 (Alt Size 2)'),
(563, 95, 'H.D.'),
(564, 95, 'Reg. Cab (GVWR 6300)'),
(565, 95, 'Reg. Cab (GVWR 6300) (Alt Size 1)'),
(566, 95, 'Reg. Cab (GVWR 6300) (Alt Size 2)'),
(567, 95, 'Reg. Cab (GVWR 7300)'),
(568, 95, 'Super Cab (GVWR 7600)'),
(569, 95, 'Super Cab (GVWR 7600) (Alt Size 1)'),
(570, 95, 'Super Cab (GVWR 7600) (Alt Size 2)'),
(571, 95, 'Super Cab (GVWR 7900)'),
(572, 95, 'XL H.D.'),
(573, 95, 'XL Reg. Cab (GVWR 6300)'),
(574, 95, 'XL Reg. Cab (GVWR 6300) (Alt Size 1)'),
(575, 95, 'XL Reg. Cab (GVWR 6300) (Alt Size 2)'),
(576, 95, 'XL Reg. Cab (GVWR 7300)'),
(577, 95, 'XL Super Cab (GVWR 7600)'),
(578, 95, 'XL Super Cab (GVWR 7600) (Alt Size 1)'),
(579, 95, 'XL Super Cab (GVWR 7600) (Alt Size 2)'),
(580, 95, 'XL Super Cab (GVWR 7900)'),
(581, 95, 'XLT H.D.'),
(582, 95, 'XLT Reg. Cab (GVWR 6300)'),
(583, 95, 'XLT Reg. Cab (GVWR 6300) (Alt Size 1)'),
(584, 95, 'XLT Reg. Cab (GVWR 6300) (Alt Size 2)'),
(585, 95, 'XLT Reg. Cab (GVWR 7300)'),
(586, 95, 'XLT Super Cab (GVWR 7600)'),
(587, 95, 'XLT Super Cab (GVWR 7600) (Alt Size 1)'),
(588, 95, 'XLT Super Cab (GVWR 7600) (Alt Size 2)'),
(589, 95, 'XLT Super Cab (GVWR 7900)'),
(590, 96, '(DRW)'),
(591, 96, '(DRW) (Alt Size 1)'),
(592, 96, 'Base'),
(593, 96, 'XL'),
(594, 96, 'XL (DRW)'),
(595, 96, 'XL (DRW) (Alt Size 1)'),
(597, 96, 'XLT'),
(598, 96, 'XL (DRW) (Alt Size 1)'),
(599, 102, '(GVWR 5200) (Alt Size 2)'),
(600, 102, '(GVWR 5600) (Alt Size 1)'),
(601, 102, '(GVWR 6100)'),
(602, 102, 'High Sierra (GVWR 5200) (Alt Size 2)'),
(603, 102, 'High Sierra (GVWR 6100)'),
(604, 103, '(GVWR 6100)'),
(605, 103, '(GVWR 6100) (Alt Size 1)'),
(606, 103, '(GVWR 6800)'),
(607, 103, 'High Sierra (GVWR 6100)'),
(608, 103, 'High Sierra (GVWR 6100) (Alt Size 1)'),
(610, 103, 'High Sierra (GVWR 6800)'),
(611, 103, 'Sierra Classic (GVWR 6100)'),
(612, 103, 'Sierra Classic (GVWR 6100) (Alt Size 1)'),
(613, 103, 'Sierra Classic (GVWR 6800)'),
(614, 104, '(GVWR 6400)'),
(615, 104, '(GVWR 6400) (Alt Size 1)'),
(616, 104, ' (GVWR 8600) (Alt Size 1)'),
(617, 104, 'High Sierra (GVWR 6400)'),
(618, 104, 'High Sierra (GVWR 6400) (Alt Size 2)'),
(619, 104, 'High Sierra (GVWR 7200) (Alt Size 1)'),
(620, 104, 'High Sierra (GVWR 8600) (Alt Size 1)'),
(621, 104, 'Sierra Classic (GVWR 6400)'),
(622, 104, 'Sierra Classic (GVWR 6400) (Alt Size 2)'),
(623, 104, 'Sierra Classic (GVWR 7200) (Alt Size 1)'),
(624, 104, 'Sierra Classic (GVWR 8600) (Alt Size 1)'),
(625, 105, 'Base (Alt Size 1)'),
(626, 105, ' High Sierra (Alt Size 1)'),
(627, 105, 'Sierra Classic (Alt Size 1)'),
(628, 106, '(DRW) (Alt Size 1)'),
(629, 106, 'Base (Alt Size 1)'),
(630, 106, 'High Sierra (Alt Size 1)'),
(631, 106, 'High Sierra (DRW) (Alt Size 1)'),
(632, 106, 'Sierra Classic (Alt Size 1)'),
(633, 106, 'Sierra Classic (DRW) (Alt Size 1)'),
(634, 109, ' Rally (GVWR 6850)'),
(635, 109, 'Rally Custom (GVWR 6850)'),
(636, 109, 'Rally Custom (GVWR 6850)'),
(637, 104, 'Rally STX (GVWR 6850)'),
(638, 104, 'Vandura (Alt Size 1)'),
(639, 106, 'Rally (GVWR 7400)'),
(640, 110, 'Rally (GVWR 8600)'),
(641, 106, 'Rally (GVWR 8600) (Alt Size 1)'),
(642, 110, 'Rally Custom (GVWR 7400)'),
(643, 110, 'Rally Custom (GVWR 8600)'),
(644, 110, 'Rally Custom (GVWR 8600) (Alt Size 1)'),
(645, 110, 'Rally Custom (GVWR 8600) (Alt Size 1)'),
(646, 110, 'Rally STX (GVWR 7400)'),
(647, 110, 'Rally STX (GVWR 8600)'),
(648, 110, 'Rally STX (GVWR 8600) (Alt Size 1)'),
(649, 110, 'Vandura (GVWR 7100)'),
(650, 110, 'Vandura (GVWR 8600)'),
(651, 110, 'Vandura (GVWR 8600) (Alt Size 1)'),
(652, 110, 'Vandura Special (GVWR 7100)'),
(653, 110, 'Vandura Special (GVWR 8600)'),
(654, 110, 'Vandura Special (GVWR 8600) (Alt Size 1)'),
(655, 111, '(Diesel)'),
(656, 111, 'Base (Alt Size 1)'),
(657, 111, 'High Sierra (Alt Size 1)'),
(658, 111, 'High Sierra (Diesel)'),
(659, 111, 'Sierra Classic (Alt Size 1)'),
(661, 111, 'Sierra Classic (Diesel)'),
(662, 112, 'Base'),
(663, 112, 'Base (Alt Size 1)'),
(664, 112, 'High Sierra'),
(665, 112, 'High Sierra (Alt Size 1)'),
(666, 112, 'Sierra Classic'),
(667, 112, 'Sierra Classic (Alt Size 1)'),
(668, 113, '(GVWR 7000) (Alt Size 1)'),
(669, 113, '(GVWR 7300)'),
(670, 113, 'High Sierra (GVWR 7000)'),
(671, 113, 'High Sierra (GVWR 7000) (Alt Size 1)'),
(673, 113, 'Sierra Classic (GVWR 7000) (Alt Size 1)'),
(674, 113, 'Sierra Classic (GVWR 7300)'),
(675, 114, '(DRW)'),
(676, 114, '(DRW) (Alt Size 1)'),
(677, 114, 'Base (Alt Size 1)'),
(678, 114, 'High Sierra (Alt Size 1)'),
(679, 114, 'High Sierra (DRW)'),
(680, 114, 'High Sierra (DRW) (Alt Size 1)'),
(681, 114, 'Sierra Classic (Alt Size 1)'),
(682, 115, 'w/Z71 Pkg.'),
(684, 121, '1300'),
(685, 121, '1500 DX'),
(686, 121, 'Base'),
(687, 121, 'Wagovan'),
(688, 128, 'Essential'),
(689, 128, 'Limited'),
(690, 128, 'Preferred'),
(691, 128, 'SE'),
(692, 128, 'SEL'),
(693, 128, 'Ultimate'),
(694, 129, 'Eco'),
(695, 129, 'Limited'),
(696, 129, 'SE'),
(697, 129, 'SEL'),
(698, 129, 'Sport'),
(699, 130, 'Base'),
(700, 131, 'Electric'),
(701, 131, 'Electric Limited'),
(702, 131, 'Electric Ultimate'),
(703, 131, 'Hybrid Blue'),
(704, 131, 'Hybrid Essential'),
(705, 131, 'Hybrid Limited'),
(706, 131, 'Hybrid Luxury'),
(707, 131, 'Hybrid Preferred'),
(708, 131, 'Hybrid SEL'),
(709, 131, 'Hybrid Ultimate'),
(710, 131, 'Plug-in Hybrid'),
(711, 131, 'Plug-in Hybrid Limited'),
(713, 132, 'Essential'),
(714, 132, 'Limited'),
(715, 132, 'Luxury'),
(716, 132, 'Preferred'),
(717, 132, 'SE'),
(718, 132, 'SEL'),
(719, 132, 'Trend'),
(721, 132, 'Ultimate'),
(723, 133, 'Essential'),
(724, 133, 'Limited 2.0T'),
(725, 133, 'Limited 2.4L'),
(726, 133, 'Luxury'),
(727, 133, 'Preferred'),
(728, 133, 'Preferred Turbo'),
(729, 133, 'SE'),
(730, 133, 'SEL'),
(731, 133, 'SEL Plus'),
(732, 133, 'Ultimate 2.0T'),
(733, 133, 'Ultimate 2.4L'),
(734, 135, 'Essential'),
(735, 135, 'Limited Ultimate'),
(737, 135, 'Luxury'),
(738, 135, 'Preferred'),
(739, 135, 'SE'),
(740, 136, 'Essential'),
(741, 136, 'Essential w/Sport Pkg.'),
(742, 136, 'Hybrid Limited'),
(743, 136, 'Hybrid SE'),
(744, 136, 'Hybrid SE (Alt Size 1)'),
(745, 136, 'Limited'),
(746, 136, 'Limited 2.0T'),
(747, 136, 'Luxury'),
(748, 136, 'Plug-In Hybrid'),
(749, 136, ' Plug-In Hybrid Limited'),
(750, 136, 'Preferred'),
(751, 136, 'SE'),
(752, 136, 'SEL'),
(753, 136, 'Sport'),
(754, 136, 'Sport 2.0T'),
(755, 136, 'Ultimate 2.0T'),
(756, 137, 'Limited'),
(757, 137, 'SE'),
(758, 137, 'SEL'),
(759, 137, 'Sport'),
(760, 137, 'Value Edition'),
(761, 138, 'Luxe'),
(762, 138, 'Pure'),
(763, 138, 'Red Sport (AWD)'),
(764, 138, 'Red Sport (RWD)'),
(765, 138, 'Sport (AWD)'),
(766, 138, 'Sport (RWD)'),
(767, 139, 'Luxe'),
(768, 139, 'Pure'),
(769, 139, 'Red Sport (AWD)'),
(770, 139, 'Red Sport (RWD)'),
(771, 140, '3.7 Luxe'),
(772, 140, '3.7 Luxe (Alt Size 1)'),
(773, 140, '3.7 Luxe (Alt Size 2)'),
(774, 140, '5.6 Luxe'),
(775, 140, '5.6 Luxe (Alt Size 1)'),
(776, 140, '5.6 Luxe (Alt Size 2)'),
(777, 141, '3.7 Luxe'),
(778, 141, '3.7 Luxe (Alt Size 1)'),
(779, 141, '3.7 Luxe (Alt Size 2)'),
(783, 142, 'Essential (AWD)'),
(784, 142, 'Essential (FWD)'),
(785, 142, 'Essential (FWD) (Alt Size 1)'),
(786, 142, 'Luxe (AWD)'),
(787, 142, 'Luxe (FWD)'),
(788, 142, 'Luxe (FWD) (Alt Size 1)'),
(789, 142, 'Luxe (FWD) (Alt Size 1)'),
(790, 142, 'Pure'),
(791, 142, 'Sport'),
(792, 143, 'Luxe'),
(793, 143, 'Luxe(Alt Size 1)'),
(794, 143, 'Pure'),
(795, 139, 'Pure(Alt Size 1)'),
(797, 144, 'Base'),
(798, 144, 'Base (Alt Size 1)'),
(799, 144, 'Limited'),
(801, 144, 'Luxe(Alt Size 1)'),
(802, 145, 'Base'),
(803, 145, 'DLX'),
(804, 145, 'LS'),
(805, 147, 'DLX 4x4'),
(806, 147, 'LS 4x4'),
(807, 149, 'Base (Alt Size 1)'),
(808, 149, 'w/alloy wheels (Alt Size 1)'),
(809, 150, 'Base'),
(810, 150, 'w/alloy wheels'),
(811, 151, 'Base'),
(812, 151, 'Base (Alt Size 1)'),
(813, 151, 'Base (Alt Size 2)'),
(814, 151, 'Laredo'),
(815, 151, 'Laredo (Alt Size 1)'),
(816, 151, 'Laredo (Alt Size 2)'),
(818, 151, 'Limited'),
(819, 151, 'Limited (Alt Size 1)'),
(820, 151, 'Limited (Alt Size 2)'),
(821, 151, 'Renegade'),
(822, 151, 'Renegade(Alt Size 1)'),
(823, 151, 'Renegade(Alt Size 2)'),
(824, 152, 'Base'),
(825, 152, 'Base (Alt Size 1)'),
(826, 152, 'Base (Alt Size 2)'),
(827, 152, 'Laredo'),
(828, 152, 'Limited'),
(829, 152, 'Renegade'),
(830, 153, 'Chief'),
(831, 153, 'Chief(Alt Size 1)'),
(832, 153, 'Laredo'),
(833, 153, 'Pioneer 2Dr.'),
(834, 153, 'Pioneer 2Dr.(Alt Size 1)'),
(835, 153, 'Pioneer 4Dr.'),
(836, 154, 'Base'),
(837, 154, 'Honcho Sportside'),
(838, 154, 'Honcho Sportside(Alt Size 1)'),
(839, 155, '(GVWR 6800)'),
(840, 155, '(GVWR 7600)'),
(841, 156, 'Base'),
(842, 156, 'Base (Alt Size 1)'),
(843, 156, 'Base (Alt Size 2)'),
(844, 156, 'SL'),
(845, 156, 'SR'),
(846, 157, 'Brougham'),
(848, 159, 'Limited'),
(849, 159, 'Premium'),
(851, 159, 'Technology'),
(852, 159, 'Technology(Alt Size 1)'),
(853, 160, 'EX'),
(854, 160, 'EX(Alt Size 1)'),
(856, 160, 'LX'),
(857, 160, 'S'),
(858, 161, 'V6 Luxury'),
(859, 162, 'EX'),
(860, 162, 'FE'),
(861, 162, 'LX'),
(862, 162, 'Plug-in Hybrid EX'),
(863, 162, 'Plug-in Hybrid EX Premium'),
(864, 162, 'Plug-in Hybrid LX'),
(865, 162, 'Touring'),
(866, 163, 'EX'),
(867, 163, 'Hybrid EX'),
(868, 163, 'LX(Alt Size 1)'),
(869, 163, 'Plug-in Hybrid EX'),
(870, 163, 'S'),
(871, 163, 'SX'),
(872, 164, 'LX'),
(873, 164, 'S'),
(874, 165, 'EX'),
(875, 165, 'L'),
(876, 165, 'LX'),
(877, 165, 'LX(Alt Size 1)'),
(878, 165, 'SX'),
(879, 165, 'SX Limited'),
(880, 166, 'EX'),
(881, 166, 'L'),
(882, 166, 'LX'),
(883, 166, 'LX V6'),
(884, 166, 'SX'),
(885, 166, 'SX Limited'),
(886, 167, '!'),
(887, 167, '+'),
(888, 167, '+(Alt Size 1)'),
(889, 167, 'Base'),
(890, 167, 'EX'),
(891, 167, 'EX(Alt Size 1)'),
(892, 167, 'LX'),
(893, 167, 'SX'),
(894, 168, '+'),
(895, 168, 'Base'),
(896, 169, 'EX'),
(897, 169, 'LX'),
(898, 169, 'SX Turbo'),
(899, 170, 'LP580-2'),
(900, 170, 'LP580-2(Alt Size 1)'),
(901, 171, 'Base'),
(902, 171, 'Turbo'),
(903, 172, 'Autobiography'),
(904, 172, 'Autobiography (Alt Size 1)'),
(905, 172, 'Base'),
(906, 172, 'Base (Alt Size 1)'),
(907, 172, 'HSE'),
(908, 172, 'HSE(Alt Size 1)'),
(909, 172, 'HSE(Alt Size 2)'),
(910, 172, 'HSE PHEV'),
(911, 172, 'HSE PHEV(Alt Size 1)'),
(912, 172, 'SVAutobiography'),
(913, 172, 'SVAutobiography (Alt Size 1)'),
(914, 172, 'SVAutobiography Dynamic'),
(915, 172, 'SVAutobiography Dynamic (Alt Size 1)'),
(916, 172, 'Supercharged'),
(917, 172, 'Supercharged (Alt Size 1)'),
(918, 172, 'Autobiography'),
(919, 172, 'HSE'),
(920, 172, 'HSE(Alt Size 1)'),
(921, 172, 'HSE(Alt Size 2)'),
(922, 172, 'HSE Dynamic '),
(923, 173, 'HSE Dynamic (Alt Size 10 '),
(924, 173, 'HSE Dynamic (Alt Size 1)'),
(925, 173, 'HSE Dynamic (Alt Size 2)'),
(926, 173, 'HSE Dynamic Convertible'),
(927, 173, 'HSE Dynamic Convertible(Alt Size 1)'),
(928, 173, 'HSE Dynamic Convertible(Alt Size 2)'),
(929, 173, 'Landmark Edition'),
(930, 173, 'Landmark Edition(Alt Size 1)'),
(931, 173, 'SE'),
(932, 173, 'SE(Alt Size 2)'),
(933, 173, 'SE(Alt Size 1)'),
(934, 173, 'SE Dynamic Convertible'),
(935, 173, 'SE Dynamic Convertible(Alt Size 1)'),
(936, 173, 'SE Dynamic Convertible(Alt Size 2)'),
(937, 173, 'SE Premium'),
(938, 173, 'SE Premium(Alt Size 1)'),
(939, 173, 'SE Premium(Alt Size 2)'),
(940, 174, 'Autobiography Dynamic'),
(941, 174, 'Autobiography Dynamic (Alt Size 1)'),
(942, 174, 'HSE'),
(943, 174, 'HSE(Alt Size 1)'),
(944, 174, 'HSE(Alt Size 2)'),
(945, 174, 'HSE Dynamic '),
(946, 174, 'HSE Dynamic '),
(947, 174, 'HSE Dynamic (Alt Size 1)'),
(948, 174, 'HSE Dynamic '),
(949, 174, 'HSE Dynamic (Alt Size 1)'),
(950, 174, 'HSE PHEV'),
(951, 174, 'HSE PHEV(Alt Size 1)'),
(952, 174, 'SE'),
(953, 174, 'SE(Alt Size 1)'),
(954, 174, 'SE(Alt Size 2)'),
(956, 174, 'SE(Alt Size 3)'),
(957, 174, 'SVR'),
(958, 174, 'SVR(Alt SIze 1)'),
(959, 174, 'Supercharged Dynamic'),
(960, 174, 'Supercharged Dynamic(Alt Size 1)'),
(961, 175, 'Base'),
(962, 175, 'Base (Alt Size 1)'),
(965, 176, 'F Sport'),
(966, 176, '10th Anniversary'),
(967, 177, 'Base'),
(969, 178, 'Base (Alt Size 1)'),
(970, 178, 'Base (Alt Size 2)'),
(971, 178, 'F Sport'),
(972, 180, 'Base'),
(973, 180, 'Luxury'),
(974, 180, 'Premium'),
(975, 181, '(AWD)'),
(976, 181, '(AWD) (Alt SIze 1)'),
(977, 181, '(AWD) (Alt SIze 2)'),
(979, 181, '(RWD)'),
(980, 181, '(RWD)(Alt Size 1)'),
(981, 181, '(RWD)(Alt Size 2)'),
(982, 181, 'F Sport'),
(983, 182, '(AWD)'),
(984, 182, '(AWD) (Alt SIze 1)'),
(985, 182, '(GVWR 6400) (Alt Size 2)'),
(986, 182, '(RWD)'),
(987, 182, '(RWD)(Alt Size 2)'),
(988, 182, 'F Sport'),
(989, 183, '(21 Inch Option)'),
(990, 183, 'Base'),
(991, 184, '(21 Inch Option)'),
(993, 185, 'Base'),
(994, 185, 'Base (Alt Size 1)'),
(995, 185, 'Base (Alt Size 2)'),
(996, 185, 'Base (Alt Size 3)'),
(997, 185, 'F Sport'),
(998, 185, 'F Sport(Alt Size 1)'),
(999, 186, 'Base'),
(1000, 186, 'Base (Alt Size 1)'),
(1001, 186, 'Base (Alt Size 2)'),
(1002, 186, 'Base (Alt Size 3)'),
(1003, 184, 'F Sport(Alt Size 1)'),
(1004, 187, 'Base'),
(1005, 187, 'Base (Alt Size 1)'),
(1006, 188, 'Base'),
(1007, 188, 'Base (Alt Size 1)'),
(1008, 188, 'F Sport'),
(1009, 188, 'F Sport(Alt Size 1)'),
(1010, 188, 'F Sport(Alt Size 1)'),
(1011, 189, 'Base'),
(1012, 189, 'Base (Alt Size 1)'),
(1013, 190, '10th Anniversary'),
(1015, 191, 'Base'),
(1016, 191, 'Base (Alt Size 1)'),
(1017, 191, 'F Sport'),
(1018, 192, 'Base'),
(1021, 193, 'Base (Alt Size 1)'),
(1022, 193, 'F Sport'),
(1023, 194, 'Base'),
(1024, 194, 'Base (Alt Size 1)'),
(1025, 195, 'Black Label (AWD)'),
(1026, 195, 'Black Label (FWD)'),
(1027, 195, 'Reserve (AWD)'),
(1028, 195, 'Reserve (AWD) (Alt Size 1)'),
(1029, 195, 'Reserve (FWD)'),
(1030, 195, 'Reserve (FWD) (Alt Size 1)'),
(1031, 195, 'Select (AWD)'),
(1032, 195, 'Select (AWD) (Alt Size 1)'),
(1033, 195, 'Select (FWD)'),
(1034, 195, 'Select (FWD) (Alt Size 1)'),
(1035, 196, 'Black Label'),
(1036, 196, 'Black Label (Alt Size 1)'),
(1037, 196, 'Black Label (Alt Size 2)'),
(1038, 196, 'Black Label (Alt Size 3)'),
(1039, 196, 'Reserve'),
(1040, 196, 'Reserve (Alt Size 1)'),
(1041, 196, 'Reserve (Alt Size 2)'),
(1042, 196, 'Reserve (Alt Size 3)'),
(1043, 196, 'Reserve (Alt Size 4)'),
(1044, 196, 'Select'),
(1045, 197, 'Base'),
(1046, 197, 'Reserve'),
(1047, 198, 'Reserve II'),
(1048, 198, 'Reserve II (Alt Size 1)'),
(1049, 198, 'Reserve II Hybrid'),
(1050, 199, 'Base'),
(1051, 199, 'Black Label'),
(1052, 199, 'Reserve'),
(1053, 199, 'Reserve(Alt Size 1)'),
(1054, 199, 'Select'),
(1055, 199, 'Select(Alt Size 1)'),
(1056, 200, 'Black Label'),
(1057, 200, 'L Black Label'),
(1058, 200, 'L Reverse'),
(1059, 200, 'L Select'),
(1060, 200, 'Reserve'),
(1061, 200, 'Select'),
(1062, 201, 'GS'),
(1063, 201, 'GT'),
(1064, 201, 'GX'),
(1065, 201, 'Grand Touring'),
(1066, 201, 'Sport'),
(1067, 201, 'Touring'),
(1068, 202, 'GS'),
(1069, 202, 'GS-L'),
(1070, 202, 'GT'),
(1071, 202, 'Grand Touring'),
(1072, 202, 'Signature'),
(1073, 202, 'Sport'),
(1074, 202, 'Touring'),
(1075, 203, 'Club'),
(1076, 203, 'GS'),
(1077, 203, 'GS-P'),
(1078, 203, 'GT'),
(1079, 203, 'Grand Touring'),
(1080, 203, 'RF Club'),
(1081, 203, 'RS GS-P'),
(1082, 203, 'RF Grand Touring'),
(1083, 203, 'Sport'),
(1085, 205, 'Base'),
(1086, 206, 'GS'),
(1087, 206, 'GS(Alt Size 1)'),
(1088, 206, 'RS'),
(1089, 206, 'RS Turbo'),
(1090, 207, 'Base'),
(1091, 207, 'Base (Alt Size 1)'),
(1092, 207, 'Base (Alt Size 2)'),
(1093, 207, 'LS'),
(1094, 207, 'LS(Alt Size 1)'),
(1095, 207, 'XR-7'),
(1096, 207, 'w/Towing Pkg.'),
(1097, 208, 'Base'),
(1098, 208, 'Base (Alt Size 1)'),
(1099, 208, 'Base (Alt Size 2)'),
(1100, 208, 'Colony Park'),
(1101, 208, 'Colony Park(Alt Size 1)'),
(1102, 208, 'Colony Park(Alt Size 2)'),
(1103, 208, 'LS'),
(1104, 208, 'LS(Alt Size 1)'),
(1105, 208, 'LS(Alt Size 2)'),
(1106, 210, 'Base'),
(1107, 210, 'Base (Alt Size 1)'),
(1109, 210, 'GL'),
(1110, 210, 'GL(Alt Size 1)'),
(1111, 210, 'GS '),
(1112, 210, 'GS (Alt Size 1)'),
(1113, 210, 'LS'),
(1115, 210, 'LS(Alt Size 1)'),
(1116, 210, 'LTS(Alt Size 1)'),
(1117, 210, 'RS'),
(1118, 210, 'RS(Alt Size 1)'),
(1119, 210, 'RS Turbo'),
(1120, 211, 'Brougham Sedan'),
(1121, 211, 'Brougham Sedan(Alt Size 1)'),
(1122, 211, 'Brougham Wagon'),
(1123, 211, 'Sedan'),
(1124, 211, 'Sedan (Alt Size 1)'),
(1125, 211, 'Wagon'),
(1126, 213, 'Base'),
(1127, 214, 'Coupe'),
(1128, 214, 'Spider'),
(1129, 215, 'Base'),
(1130, 216, 'Base'),
(1131, 217, 'Cabriolet'),
(1132, 217, 'Cabriolet (Alt Size 1)'),
(1133, 218, '4Matic'),
(1134, 218, '4Matic (Alt Size 1)'),
(1135, 218, '4Matic (Alt Size 2)'),
(1136, 218, '4Matic (Alt Size 3)'),
(1137, 218, '4Matic (Alt Size 4)'),
(1138, 218, '4Matic Coupe'),
(1139, 218, '4Matic Coupe (Alt Size 1)'),
(1140, 218, '4Matic Coupe (Alt Size 2)'),
(1141, 218, '4Matic Coupe (Alt Size 3)'),
(1142, 218, 'Base'),
(1143, 218, 'Base (Alt Size 1)'),
(1144, 218, 'Base (Alt Size 2)'),
(1145, 218, 'Base (Alt Size 3)'),
(1146, 218, 'Base (Alt Size 4)'),
(1147, 219, 'Convertible'),
(1148, 219, 'Convertible (Alt Size 1)'),
(1149, 219, 'Convertible (Alt Size 2)'),
(1150, 219, 'Convertible (Alt Size 3)'),
(1151, 219, 'Hardtop'),
(1152, 219, 'Hardtop (Alt Size 1)'),
(1153, 219, 'Hardtop (Alt Size 2)'),
(1154, 219, 'Hardtop (Alt Size 3)'),
(1155, 219, 'Hardtop (Alt Size 4)'),
(1156, 219, 'Hardtop 4 Dr.'),
(1157, 316, 'Convertible'),
(1158, 316, 'Convertible(alt Size 1)'),
(1159, 316, 'Convertible(Alt Size 2)'),
(1160, 316, 'Convertible(Alt Size 3)'),
(1161, 316, 'Coupe'),
(1162, 316, 'Coupe (Alt Size 1)'),
(1163, 316, 'Coupe(Alt Size 2)'),
(1164, 316, 'Coupe(Alt Size 3)'),
(1165, 317, 'Convertible'),
(1166, 317, 'Convertible(Alt Size 1)'),
(1167, 317, 'Convertible(Alt Size 2)');

-- --------------------------------------------------------

--
-- Table structure for table `tbl_user`
--

CREATE TABLE `tbl_user` (
  `id` int(11) NOT NULL,
  `name` varchar(360) NOT NULL,
  `email` varchar(360) NOT NULL,
  `password` varchar(360) NOT NULL,
  `user_type` varchar(360) NOT NULL,
  `status` int(11) NOT NULL
) ENGINE=InnoDB DEFAULT CHARSET=latin1;

--
-- Dumping data for table `tbl_user`
--

INSERT INTO `tbl_user` (`id`, `name`, `email`, `password`, `user_type`, `status`) VALUES
(1, 'Admin', 'admin@gmail.com', 'admin', '1', 1);

-- --------------------------------------------------------

--
-- Table structure for table `tbl_vis_brand`
--

CREATE TABLE `tbl_vis_brand` (
  `id` int(11) NOT NULL,
  `brand` varchar(120) NOT NULL,
  `logo` text NOT NULL
) ENGINE=InnoDB DEFAULT CHARSET=latin1;

-- --------------------------------------------------------

--
-- Table structure for table `tbl_vis_car`
--

CREATE TABLE `tbl_vis_car` (
  `id` int(11) NOT NULL,
  `trim_id` int(11) NOT NULL,
  `car_pic` text NOT NULL,
  `status` int(11) NOT NULL,
  `styling` text NOT NULL
) ENGINE=InnoDB DEFAULT CHARSET=latin1;

--
-- Dumping data for table `tbl_vis_car`
--

INSERT INTO `tbl_vis_car` (`id`, `trim_id`, `car_pic`, `status`, `styling`) VALUES
(1, 1, 'wtd_cars/camoro.png', 1, '.backwheeldummy1{             position: sticky;             margin-top: -118px;             margin-left: 118px;             width: 80px;         }         .frontwheeldummy1{             position: sticky;             margin-top: -80px;             margin-left: 383px;             width: 80px;         }         .frontwheel1{             position: sticky;             margin-top: -79px;             margin-left: 383px;             width: 80px;         }         .backwheel1{             position: sticky;             margin-top: -79px;             margin-left: 118px;             width: 80px;         }'),
(2, 2, 'wtd_cars/camry.png', 1, '.backwheeldummy2{             position: sticky;             margin-top: -110px;             margin-left: 122px;             width: 80px;         }         .frontwheeldummy2{             position: sticky;             margin-top: -80px;             margin-left: 377px;             width: 80px;         }         .frontwheel2{             position: sticky;             margin-top: -79px;             margin-left: 375px;             width: 80px;         }         .backwheel2{             position: sticky;             margin-top: -80px;             margin-left: 122px;             width: 80px;         }'),
(3, 3, 'wtd_cars/2019 Audi A3 Cabriolet 2.0T FWD Premium.png', 1, '.backwheeldummy3{             position: sticky;             margin-top: -113px;             margin-left: 128px;             width: 80px;         }         .frontwheeldummy3{             position: sticky;             margin-top: -80px;             margin-left: 368px;             width: 80px;         }         .frontwheel3{             position: sticky;             margin-top: -79px;             margin-left: 367px;             width: 80px;         }         .backwheel3{             position: sticky;             margin-top: -80px;             margin-left: 129px;             width: 80px;         }'),
(4, 4, 'wtd_cars/2019AudiA3Cabriolet2.0TFWDPremiumPlus.png', 1, '.backwheeldummy4{             position: sticky;             margin-top: -113px;             margin-left: 128px;             width: 80px;         }         .frontwheeldummy4{             position: sticky;             margin-top: -80px;             margin-left: 368px;             width: 80px;         }         .frontwheel4{             position: sticky;             margin-top: -79px;             margin-left: 367px;             width: 80px;         }         .backwheel4{             position: sticky;             margin-top: -80px;             margin-left: 129px;             width: 80px;         }'),
(5, 6, 'wtd_cars/cars/2019 Audi A3 Sedan 2.0T FWD Premium Plus.png', 1, ''),
(6, 7, 'wtd_cars/cars/2019 Audi A3 Sedan 2.0T FWD Premium.png', 1, ''),
(7, 8, 'wtd_cars/cars/2019 Audi A3 Sedan 2.0T quattro Premium.png', 1, ''),
(8, 9, 'wtd_cars/cars/2019 Audi A3 Sedan 2.0T quattro Prestige.png', 1, ''),
(9, 10, 'wtd_cars/cars/2019 Audi A4 2.0T FWD Premium Plus.png', 1, ''),
(10, 11, 'wtd_cars/cars/2019 Audi A4 2.0T FWD Premium.png', 1, ''),
(11, 12, 'wtd_cars/cars/2019 Audi A4 2.0T FWD Prestige.png', 1, ''),
(12, 13, 'wtd_cars/cars/2019 Audi A4 2.0T quattro Premium Plus.png', 1, ''),
(13, 14, 'wtd_cars/cars/2019 Audi A4 2.0T quattro Premium Prestige.png', 1, ''),
(14, 15, 'wtd_cars/cars/2019 Audi A4 2.0T quattro Premium.png', 1, ''),
(15, 16, 'wtd_cars/cars/2019 Audi A4 allroad Premium Plus.png', 0, ''),
(16, 17, 'wtd_cars/cars/2019 Audi A4 allroad Premium Prestige.png', 0, ''),
(17, 18, 'wtd_cars/cars/2019 Audi A4 allroad Premium.png', 0, ''),
(18, 19, 'wtd_cars/cars/2019 Audi A5 Cabriolet.png', 0, ''),
(19, 20, 'wtd_cars/cars/2019 Audi A5 Coupe.png', 0, ''),
(20, 21, 'wtd_cars/cars/2019 Audi A5 Sportback.png', 0, ''),
(21, 22, 'wtd_cars/cars/2019 Audi A6.png', 0, ''),
(22, 23, 'wtd_cars/cars/2019 Audi A7 Premium Plus.png', 0, ''),
(23, 24, 'wtd_cars/cars/2019 Audi A7 Premium Prestige.png', 0, ''),
(24, 25, 'wtd_cars/cars/2019 Audi A7 Premium.png', 0, ''),
(25, 26, 'wtd_cars/cars/2019 Audi A7 S line package.png', 0, ''),
(26, 27, 'wtd_cars/cars/2019 Audi A8.png', 0, ''),
(27, 28, 'wtd_cars/cars/2019 Audi Q5 2.0T Premium Plus.png', 0, ''),
(28, 29, 'wtd_cars/cars/2019 Audi Q5 2.0T Premium.png', 0, ''),
(29, 30, 'wtd_cars/cars/2019 Audi Q5 2.0T Prestige.png', 0, ''),
(30, 31, 'wtd_cars/cars/2019 Audi Q7 3.0T Premium Plus.png', 0, ''),
(31, 32, 'wtd_cars/cars/2019 Audi Q7 3.0T Premium.png', 0, ''),
(32, 33, 'wtd_cars/cars/2019 Audi Q7 3.0T Prestige.png', 0, ''),
(33, 34, 'wtd_cars/cars/2019 Audi Q7 3.0T Runflat Tires.png', 0, ''),
(34, 35, 'wtd_cars/cars/2019 Audi Q8 Premium Plus.png', 0, ''),
(35, 36, 'wtd_cars/cars/2019 Audi Q8 Premium.png', 0, ''),
(36, 37, 'wtd_cars/cars/2019 Audi Q8 Prestige.png', 0, ''),
(37, 38, 'wtd_cars/cars/2019 Audi RS 3 Ceramic Brakes - Metal Valve.png', 0, ''),
(38, 39, 'wtd_cars/cars/2019 Audi RS 3 Ceramic Brakes - Rubber Valve.png', 0, ''),
(39, 39, 'wtd_cars/cars/2019 Audi RS 3 Staggered Tires Ceramic Brakes - Metal Valve.png', 0, ''),
(40, 39, 'wtd_cars/cars/2019 Audi RS 3 Staggered Tires Ceramic Brakes - Rubber Valve.png', 0, ''),
(41, 39, 'wtd_cars/cars/2019 Audi RS 3 Staggered Tires Standard Brakes - Metal Valve.png', 0, ''),
(42, 39, 'wtd_cars/cars/2019 Audi RS 3 Staggered Tires Standard Brakes - Rubber Valve.png', 0, ''),
(43, 39, 'wtd_cars/cars/2019 Audi RS 3 Standard Brakes - Metal Valve.png', 0, ''),
(44, 39, 'wtd_cars/cars/2019 Audi RS 3 Standard Brakes - Rubber Valve.png', 0, ''),
(45, 40, 'wtd_cars/cars/2019 Audi RS 5 Coupe.png', 0, ''),
(46, 41, 'wtd_cars/cars/2019 Audi RS 5 Sportback.png', 0, ''),
(47, 42, 'wtd_cars/cars/2019 Audi S3.png', 0, ''),
(48, 43, 'wtd_cars/cars/2019 Audi S4.png', 0, ''),
(49, 44, 'wtd_cars/cars/2019 Audi S5 Cabriolet.png', 0, ''),
(50, 45, 'wtd_cars/cars/2019 Audi S5 Coupe.png', 0, ''),
(51, 46, 'wtd_cars/cars/2019 Audi S5 Sportback.png', 0, ''),
(52, 47, 'wtd_cars/cars/2019 Audi TT Coupe.png', 0, ''),
(53, 48, 'wtd_cars/cars/2019 Audi TT Roadster.png', 0, ''),
(54, 49, 'wtd_cars/cars/2019 Audi TTS Coupe.png', 0, ''),
(55, 50, 'wtd_cars/cars/2019 Alfa Romeo Giulia Q4 With Staggered Tires.png', 0, ''),
(56, 51, 'wtd_cars/cars/2019 Alfa Romeo Giulia Q4.png', 0, ''),
(57, 52, 'wtd_cars/cars/2019 Alfa Romeo Giulia Quadrifoglio.png', 0, ''),
(58, 53, 'wtd_cars/cars/2019 Alfa Romeo Giulia.png', 0, ''),
(60, 5, 'wtd_cars/cars/2019 Audi A3 Cabriolet 2.0T quattro Premium Plus.png', 1, '');

-- --------------------------------------------------------

--
-- Table structure for table `tbl_vis_make`
--

CREATE TABLE `tbl_vis_make` (
  `id` int(11) NOT NULL,
  `year_id` int(11) NOT NULL,
  `make` varchar(255) NOT NULL
) ENGINE=InnoDB DEFAULT CHARSET=latin1;

--
-- Dumping data for table `tbl_vis_make`
--

INSERT INTO `tbl_vis_make` (`id`, `year_id`, `make`) VALUES
(1, 1, 'Chevrolet'),
(2, 1, 'Toyota'),
(3, 2, 'Audi'),
(4, 2, 'Alfa Romeo');

-- --------------------------------------------------------

--
-- Table structure for table `tbl_vis_model`
--

CREATE TABLE `tbl_vis_model` (
  `id` int(11) NOT NULL,
  `make_id` int(11) NOT NULL,
  `model` varchar(360) NOT NULL,
  `status` int(11) DEFAULT NULL
) ENGINE=InnoDB DEFAULT CHARSET=latin1;

--
-- Dumping data for table `tbl_vis_model`
--

INSERT INTO `tbl_vis_model` (`id`, `make_id`, `model`, `status`) VALUES
(1, 1, 'Camaro', 1),
(2, 2, 'Camry', 1),
(3, 3, 'A3', 1),
(4, 3, 'A4', 1),
(5, 3, 'A5', 1),
(6, 3, 'A6', 1),
(7, 3, 'A7', 1),
(8, 3, 'A7S', 1),
(9, 3, 'A8', 1),
(10, 3, 'Q5', 1),
(11, 3, 'Q7', 1),
(12, 3, 'Q8', 1),
(13, 3, 'RS3', 1),
(14, 3, 'RS5', 1),
(15, 3, 'S3', 1),
(16, 3, 'S4', 1),
(17, 3, 'S5', 1),
(18, 3, 'TT', 1),
(19, 3, 'TTS', 1),
(20, 4, 'Giulia Q4 ', 1),
(21, 4, 'Giulia', 1);

-- --------------------------------------------------------

--
-- Table structure for table `tbl_vis_trim`
--

CREATE TABLE `tbl_vis_trim` (
  `id` int(11) NOT NULL,
  `model_id` int(11) NOT NULL,
  `trim` varchar(255) NOT NULL,
  `status` int(11) NOT NULL
) ENGINE=InnoDB DEFAULT CHARSET=latin1;

--
-- Dumping data for table `tbl_vis_trim`
--

INSERT INTO `tbl_vis_trim` (`id`, `model_id`, `trim`, `status`) VALUES
(1, 1, 'LS', 1),
(2, 2, 'DLX Hatchback', 1),
(3, 3, 'FWD Premium Plus', 1),
(4, 3, 'FWD Premium', 1),
(5, 3, 'quattro Premium Plus', 1),
(6, 3, 'Sedan 2.0T FWD Premium Plus', 1),
(7, 3, 'Sedan 2.0T FWD Premium', 1),
(8, 3, 'Sedan 2.0T quattro Premium', 1),
(9, 3, 'Sedan 2.0T quattro Prestige', 1),
(10, 4, '2.0T FWD Premium Plus', 1),
(11, 4, '2.0T FWD Premium', 1),
(12, 4, '2.0T FWD Prestige', 1),
(13, 4, '2.0T quattro Premium Plus', 1),
(14, 4, '2.0T quattro Premium Prestige', 1),
(15, 4, '2.0T quattro Premium', 1),
(16, 4, 'allroad Premium Plus', 1),
(17, 4, 'allroad Premium Prestige', 1),
(18, 4, 'allroad Premium', 1),
(19, 5, 'Cabriolet', 1),
(20, 5, 'Coupe', 1),
(21, 5, 'Sportback', 1),
(22, 6, 'Audi A6', 1),
(23, 7, 'Premium Plus', 1),
(24, 7, 'Premium Prestige', 1),
(25, 7, 'Premium', 0),
(26, 8, 'line package', 0),
(27, 9, ' Audi A8', 0),
(28, 10, 'Premium Plus', 0),
(29, 10, 'Premium', 0),
(30, 10, 'Prestige', 0),
(31, 11, 'Premium Plus', 0),
(32, 11, 'Premium', 0),
(33, 11, 'Prestige', 0),
(34, 11, 'Runflat Tires', 0),
(35, 12, 'Premium Plus', 0),
(36, 12, 'Premium', 0),
(37, 12, 'Prestige', 0),
(38, 13, 'Metal Valve', 0),
(39, 13, 'Rubber Valve', 0),
(40, 14, 'Coupe', 0),
(41, 14, 'Sportback', 0),
(42, 15, 'Audi S3', 0),
(43, 16, 'Audi S4', 0),
(44, 17, 'Cabriolet', 0),
(45, 17, 'Coupe', 0),
(46, 17, 'Sportback', 0),
(47, 18, 'Coupe', 0),
(48, 18, 'Roadster', 0),
(49, 19, 'Coupe', 0),
(50, 20, 'Q4 with Staggered Tires', 0),
(51, 20, 'Q4', 0),
(52, 21, 'Giulia Quadrifoglio', 0),
(53, 21, 'Giulia', 0);

-- --------------------------------------------------------

--
-- Table structure for table `tbl_vis_wheels`
--

CREATE TABLE `tbl_vis_wheels` (
  `id` int(11) NOT NULL,
  `car_id` int(11) DEFAULT NULL,
  `diameter` varchar(120) DEFAULT NULL,
  `width` varchar(120) DEFAULT NULL,
  `offsetmin` varchar(120) NOT NULL,
  `offsetmax` varchar(120) NOT NULL,
  `brand_id` int(11) DEFAULT NULL,
  `feature_img` text,
  `wheel_img` text NOT NULL,
  `catalog` text NOT NULL
) ENGINE=InnoDB DEFAULT CHARSET=latin1;

--
-- Dumping data for table `tbl_vis_wheels`
--

INSERT INTO `tbl_vis_wheels` (`id`, `car_id`, `diameter`, `width`, `offsetmin`, `offsetmax`, `brand_id`, `feature_img`, `wheel_img`, `catalog`) VALUES
(1, 1, '17', '7.5', '+35', '+45', 1, 'wtd_cars/1.jpg', 'wtd_cars/1-1.png', 'REVENGE/18X8[AE]'),
(2, 1, '17', '7.5', '+35', '+45', 1, 'wtd_cars/2.jpg', 'wtd_cars/2-1.png', 'REVENGE/18X8[AE]'),
(3, 1, '17', '7.5', '+35', '+45', 1, 'wtd_cars/3.jpg', 'wtd_cars/3-1.png', 'REVENGE/18X8[AE]'),
(4, 1, NULL, NULL, '', '', NULL, 'wtd_cars/4.jpg', 'wtd_cars/4-1.png', 'REVENGE/18X8[AE]'),
(5, 1, NULL, NULL, '', '', NULL, 'wtd_cars/5.jpg', 'wtd_cars/5-1.png', 'REVENGE/18X8[AE]'),
(6, 1, NULL, NULL, '', '', NULL, 'wtd_cars/6.jpg', 'wtd_cars/6-1.png', 'REVENGE/18X8[AE]'),
(9, 2, NULL, NULL, '', '', NULL, 'wtd_cars/9.jpg', 'wtd_cars/9-1.png', 'REVENGE/18X8[AE]'),
(10, 2, NULL, NULL, '', '', NULL, 'wtd_cars/10.jpg', 'wtd_cars/10-1.png', 'REVENGE/18X8[AE]'),
(11, 2, NULL, NULL, '', '', NULL, 'wtd_cars/11.jpg', 'wtd_cars/11-1.png', 'REVENGE/18X8[AE]'),
(12, 2, NULL, NULL, '', '', NULL, 'wtd_cars/12.jpg', 'wtd_cars/12-1.png', 'REVENGE/18X8[AE]'),
(13, 2, NULL, NULL, '', '', NULL, 'wtd_cars/13.jpg', 'wtd_cars/13-1.png', 'REVENGE/18X8[AE]'),
(14, 2, NULL, NULL, '', '', NULL, 'wtd_cars/14.jpg', 'wtd_cars/14-1.png', 'REVENGE/18X8[AE]'),
(16, 3, NULL, NULL, '', '', NULL, 'wtd_cars/1.jpg', 'wtd_cars/1-1.png', 'REVENGE/18X8[AE]'),
(17, 4, NULL, NULL, '', '', NULL, 'wtd_cars/1.jpg', 'wtd_cars/2-1.png', 'REVENGE/18X8[AE]'),
(18, 3, NULL, NULL, '', '', NULL, 'wtd_cars/2.jpg', 'wtd_cars/2-1.png', 'REVENGE/18X8[AE]'),
(19, 3, NULL, NULL, '', '', NULL, 'wtd_cars/3.jpg', 'wtd_cars/3-1.png', 'REVENGE/18X8[AE]'),
(20, 3, NULL, NULL, '', '', NULL, 'wtd_cars/4.jpg', 'wtd_cars/4-1.png', 'REVENGE/18X8[AE]'),
(21, 3, NULL, NULL, '', '', NULL, 'wtd_cars/5.jpg', 'wtd_cars/5-1.png', 'REVENGE/18X8[AE]'),
(22, 3, NULL, NULL, '', '', NULL, 'wtd_cars/6.jpg', 'wtd_cars/6-1.png', 'REVENGE/18X8[AE]'),
(23, 4, NULL, NULL, '', '', NULL, 'wtd_cars/2.jpg', 'wtd_cars/2-1.png', 'REVENGE/18X8[AE]'),
(24, 4, NULL, NULL, '', '', NULL, 'wtd_cars/3.jpg', 'wtd_cars/3-1.png', 'REVENGE/18X8[AE]'),
(25, 4, NULL, NULL, '', '', NULL, 'wtd_cars/4.jpg', 'wtd_cars/4-1.png', 'REVENGE/18X8[AE]');

-- --------------------------------------------------------

--
-- Table structure for table `tbl_vis_year`
--

CREATE TABLE `tbl_vis_year` (
  `id` int(11) NOT NULL,
  `year` int(11) NOT NULL,
  `status` int(11) DEFAULT NULL
) ENGINE=InnoDB DEFAULT CHARSET=latin1;

--
-- Dumping data for table `tbl_vis_year`
--

INSERT INTO `tbl_vis_year` (`id`, `year`, `status`) VALUES
(1, 2015, 1),
(2, 2019, 1);

-- --------------------------------------------------------

--
-- Table structure for table `tbl_year`
--

CREATE TABLE `tbl_year` (
  `id` int(11) NOT NULL,
  `year` varchar(360) NOT NULL,
  `status` int(11) NOT NULL DEFAULT '1'
) ENGINE=InnoDB DEFAULT CHARSET=latin1;

--
-- Dumping data for table `tbl_year`
--

INSERT INTO `tbl_year` (`id`, `year`, `status`) VALUES
(1, '2019', 1),
(2, '2018', 1),
(3, '2017', 1),
(4, '2016', 1),
(5, '2015', 1),
(6, '2014', 1),
(7, '2013', 1),
(8, '2012', 1),
(9, '2011', 1),
(10, '2010', 1),
(11, '2009', 1),
(12, '2008', 1),
(13, '2007', 1),
(14, '2006', 1),
(15, '2005', 1),
(16, '2004', 1),
(17, '2003', 1),
(18, '2002', 1),
(19, '2001', 1),
(20, '2000', 1),
(21, '1999', 1),
(22, '1998', 1),
(23, '1997', 1),
(24, '1996', 1),
(25, '1995', 1),
(26, '1994', 1),
(27, '1993', 1),
(28, '1992', 1),
(29, '1991', 1),
(30, '1990', 1),
(31, '1989', 1),
(32, '1988', 1),
(33, '1987', 1),
(34, '1986', 1),
(35, '1985', 1),
(36, '1984', 1),
(37, '1983', 1);

--
-- Indexes for dumped tables
--

--
-- Indexes for table `chat_message`
--
ALTER TABLE `chat_message`
  ADD PRIMARY KEY (`chat_message_id`);

--
-- Indexes for table `login`
--
ALTER TABLE `login`
  ADD PRIMARY KEY (`user_id`);

--
-- Indexes for table `login_details`
--
ALTER TABLE `login_details`
  ADD PRIMARY KEY (`login_details_id`);

--
-- Indexes for table `tbl_announcement`
--
ALTER TABLE `tbl_announcement`
  ADD PRIMARY KEY (`id`);

--
-- Indexes for table `tbl_announcement_alert`
--
ALTER TABLE `tbl_announcement_alert`
  ADD PRIMARY KEY (`id`);

--
-- Indexes for table `tbl_brand`
--
ALTER TABLE `tbl_brand`
  ADD PRIMARY KEY (`id`);

--
-- Indexes for table `tbl_car_detail`
--
ALTER TABLE `tbl_car_detail`
  ADD PRIMARY KEY (`id`);

--
-- Indexes for table `tbl_compare_price`
--
ALTER TABLE `tbl_compare_price`
  ADD PRIMARY KEY (`id`);

--
-- Indexes for table `tbl_jobs`
--
ALTER TABLE `tbl_jobs`
  ADD PRIMARY KEY (`id`);

--
-- Indexes for table `tbl_lists`
--
ALTER TABLE `tbl_lists`
  ADD PRIMARY KEY (`id`);

--
-- Indexes for table `tbl_list_order`
--
ALTER TABLE `tbl_list_order`
  ADD PRIMARY KEY (`id`);

--
-- Indexes for table `tbl_make`
--
ALTER TABLE `tbl_make`
  ADD PRIMARY KEY (`id`);

--
-- Indexes for table `tbl_model`
--
ALTER TABLE `tbl_model`
  ADD PRIMARY KEY (`id`);

--
-- Indexes for table `tbl_order`
--
ALTER TABLE `tbl_order`
  ADD PRIMARY KEY (`id`);

--
-- Indexes for table `tbl_order_detail`
--
ALTER TABLE `tbl_order_detail`
  ADD PRIMARY KEY (`id`);

--
-- Indexes for table `tbl_parts`
--
ALTER TABLE `tbl_parts`
  ADD PRIMARY KEY (`id`);

--
-- Indexes for table `tbl_promotions`
--
ALTER TABLE `tbl_promotions`
  ADD PRIMARY KEY (`id`);

--
-- Indexes for table `tbl_promotion_catalogs`
--
ALTER TABLE `tbl_promotion_catalogs`
  ADD PRIMARY KEY (`id`);

--
-- Indexes for table `tbl_promotion_catalogs_temp`
--
ALTER TABLE `tbl_promotion_catalogs_temp`
  ADD PRIMARY KEY (`id`);

--
-- Indexes for table `tbl_trim`
--
ALTER TABLE `tbl_trim`
  ADD PRIMARY KEY (`id`);

--
-- Indexes for table `tbl_user`
--
ALTER TABLE `tbl_user`
  ADD PRIMARY KEY (`id`);

--
-- Indexes for table `tbl_vis_car`
--
ALTER TABLE `tbl_vis_car`
  ADD PRIMARY KEY (`id`);

--
-- Indexes for table `tbl_vis_make`
--
ALTER TABLE `tbl_vis_make`
  ADD PRIMARY KEY (`id`);

--
-- Indexes for table `tbl_vis_model`
--
ALTER TABLE `tbl_vis_model`
  ADD PRIMARY KEY (`id`);

--
-- Indexes for table `tbl_vis_trim`
--
ALTER TABLE `tbl_vis_trim`
  ADD PRIMARY KEY (`id`);

--
-- Indexes for table `tbl_vis_wheels`
--
ALTER TABLE `tbl_vis_wheels`
  ADD PRIMARY KEY (`id`);

--
-- Indexes for table `tbl_vis_year`
--
ALTER TABLE `tbl_vis_year`
  ADD PRIMARY KEY (`id`);

--
-- Indexes for table `tbl_year`
--
ALTER TABLE `tbl_year`
  ADD PRIMARY KEY (`id`);

--
-- AUTO_INCREMENT for dumped tables
--

--
-- AUTO_INCREMENT for table `chat_message`
--
ALTER TABLE `chat_message`
  MODIFY `chat_message_id` int(11) NOT NULL AUTO_INCREMENT, AUTO_INCREMENT=576;

--
-- AUTO_INCREMENT for table `login`
--
ALTER TABLE `login`
  MODIFY `user_id` int(11) NOT NULL AUTO_INCREMENT, AUTO_INCREMENT=84;

--
-- AUTO_INCREMENT for table `login_details`
--
ALTER TABLE `login_details`
  MODIFY `login_details_id` int(11) NOT NULL AUTO_INCREMENT, AUTO_INCREMENT=353;

--
-- AUTO_INCREMENT for table `tbl_announcement`
--
ALTER TABLE `tbl_announcement`
  MODIFY `id` int(11) NOT NULL AUTO_INCREMENT, AUTO_INCREMENT=11;

--
-- AUTO_INCREMENT for table `tbl_announcement_alert`
--
ALTER TABLE `tbl_announcement_alert`
  MODIFY `id` int(11) NOT NULL AUTO_INCREMENT, AUTO_INCREMENT=2;

--
-- AUTO_INCREMENT for table `tbl_brand`
--
ALTER TABLE `tbl_brand`
  MODIFY `id` int(11) NOT NULL AUTO_INCREMENT, AUTO_INCREMENT=93;

--
-- AUTO_INCREMENT for table `tbl_car_detail`
--
ALTER TABLE `tbl_car_detail`
  MODIFY `id` int(11) NOT NULL AUTO_INCREMENT, AUTO_INCREMENT=879;

--
-- AUTO_INCREMENT for table `tbl_compare_price`
--
ALTER TABLE `tbl_compare_price`
  MODIFY `id` int(11) NOT NULL AUTO_INCREMENT, AUTO_INCREMENT=2;

--
-- AUTO_INCREMENT for table `tbl_jobs`
--
ALTER TABLE `tbl_jobs`
  MODIFY `id` int(11) NOT NULL AUTO_INCREMENT, AUTO_INCREMENT=7;

--
-- AUTO_INCREMENT for table `tbl_lists`
--
ALTER TABLE `tbl_lists`
  MODIFY `id` int(11) NOT NULL AUTO_INCREMENT, AUTO_INCREMENT=2;

--
-- AUTO_INCREMENT for table `tbl_list_order`
--
ALTER TABLE `tbl_list_order`
  MODIFY `id` int(11) NOT NULL AUTO_INCREMENT;

--
-- AUTO_INCREMENT for table `tbl_make`
--
ALTER TABLE `tbl_make`
  MODIFY `id` int(11) NOT NULL AUTO_INCREMENT, AUTO_INCREMENT=105;

--
-- AUTO_INCREMENT for table `tbl_model`
--
ALTER TABLE `tbl_model`
  MODIFY `id` int(11) NOT NULL AUTO_INCREMENT, AUTO_INCREMENT=427;

--
-- AUTO_INCREMENT for table `tbl_order`
--
ALTER TABLE `tbl_order`
  MODIFY `id` int(11) NOT NULL AUTO_INCREMENT, AUTO_INCREMENT=7;

--
-- AUTO_INCREMENT for table `tbl_order_detail`
--
ALTER TABLE `tbl_order_detail`
  MODIFY `id` int(11) NOT NULL AUTO_INCREMENT, AUTO_INCREMENT=81;

--
-- AUTO_INCREMENT for table `tbl_parts`
--
ALTER TABLE `tbl_parts`
  MODIFY `id` int(11) NOT NULL AUTO_INCREMENT, AUTO_INCREMENT=16;

--
-- AUTO_INCREMENT for table `tbl_promotions`
--
ALTER TABLE `tbl_promotions`
  MODIFY `id` int(11) NOT NULL AUTO_INCREMENT, AUTO_INCREMENT=4;

--
-- AUTO_INCREMENT for table `tbl_promotion_catalogs`
--
ALTER TABLE `tbl_promotion_catalogs`
  MODIFY `id` int(11) NOT NULL AUTO_INCREMENT, AUTO_INCREMENT=28;

--
-- AUTO_INCREMENT for table `tbl_promotion_catalogs_temp`
--
ALTER TABLE `tbl_promotion_catalogs_temp`
  MODIFY `id` int(11) NOT NULL AUTO_INCREMENT, AUTO_INCREMENT=12;

--
-- AUTO_INCREMENT for table `tbl_trim`
--
ALTER TABLE `tbl_trim`
  MODIFY `id` int(11) NOT NULL AUTO_INCREMENT, AUTO_INCREMENT=1168;

--
-- AUTO_INCREMENT for table `tbl_user`
--
ALTER TABLE `tbl_user`
  MODIFY `id` int(11) NOT NULL AUTO_INCREMENT, AUTO_INCREMENT=2;

--
-- AUTO_INCREMENT for table `tbl_vis_car`
--
ALTER TABLE `tbl_vis_car`
  MODIFY `id` int(11) NOT NULL AUTO_INCREMENT, AUTO_INCREMENT=61;

--
-- AUTO_INCREMENT for table `tbl_vis_make`
--
ALTER TABLE `tbl_vis_make`
  MODIFY `id` int(11) NOT NULL AUTO_INCREMENT, AUTO_INCREMENT=5;

--
-- AUTO_INCREMENT for table `tbl_vis_model`
--
ALTER TABLE `tbl_vis_model`
  MODIFY `id` int(11) NOT NULL AUTO_INCREMENT, AUTO_INCREMENT=22;

--
-- AUTO_INCREMENT for table `tbl_vis_trim`
--
ALTER TABLE `tbl_vis_trim`
  MODIFY `id` int(11) NOT NULL AUTO_INCREMENT, AUTO_INCREMENT=54;

--
-- AUTO_INCREMENT for table `tbl_vis_wheels`
--
ALTER TABLE `tbl_vis_wheels`
  MODIFY `id` int(11) NOT NULL AUTO_INCREMENT, AUTO_INCREMENT=28;

--
-- AUTO_INCREMENT for table `tbl_vis_year`
--
ALTER TABLE `tbl_vis_year`
  MODIFY `id` int(11) NOT NULL AUTO_INCREMENT, AUTO_INCREMENT=3;

--
-- AUTO_INCREMENT for table `tbl_year`
--
ALTER TABLE `tbl_year`
  MODIFY `id` int(11) NOT NULL AUTO_INCREMENT, AUTO_INCREMENT=38;
COMMIT;

/*!40101 SET CHARACTER_SET_CLIENT=@OLD_CHARACTER_SET_CLIENT */;
/*!40101 SET CHARACTER_SET_RESULTS=@OLD_CHARACTER_SET_RESULTS */;
/*!40101 SET COLLATION_CONNECTION=@OLD_COLLATION_CONNECTION */;
